case_id,candidate_budget,repeat_index,timestamp,api_name,provider,model,duration_ms,max_tokens,temperature,seed,tool_calls_requested,input_tokens,output_tokens,prompt_tokens,completion_tokens,total_tokens,response_chars
protocol_isoxazole_des_full,12,1,2026-04-27T00:07:20.250652+00:00,call_llm,openai,gpt-4o,2633.13,400,0.0,,,0,0,218,70,288,280
protocol_isoxazole_des_full,12,1,2026-04-27T00:07:24.691888+00:00,call_llm,openai,gpt-4o,4441.0,500,0.0,,,0,0,746,196,942,710
protocol_isoxazole_des_full,12,1,2026-04-27T00:07:35.059842+00:00,call_llm_with_tools_turn,openai,gpt-4o,10365.02,4000,0.0,,0,0,0,1958,1032,2990,
protocol_isoxazole_des_full,12,1,2026-04-27T00:07:46.507770+00:00,call_llm_with_tools_turn,openai,gpt-4o,11447.7,4000,0.0,,0,0,0,1957,1018,2975,
protocol_isoxazole_des_full,12,1,2026-04-27T00:07:58.494393+00:00,call_llm_with_tools_turn,openai,gpt-4o,11986.36,4000,0.0,,0,0,0,1958,1250,3208,
protocol_isoxazole_des_full,12,1,2026-04-27T00:08:02.929628+00:00,call_llm_with_tools_turn,openai,gpt-4o,4434.99,4000,0.0,,4,0,0,1914,120,2034,
protocol_isoxazole_des_full,12,1,2026-04-27T00:08:19.313282+00:00,call_llm_with_tools_turn,openai,gpt-4o,16383.49,4000,0.0,,0,0,0,2278,1562,3840,
protocol_isoxazole_des_full,12,1,2026-04-27T00:08:20.788327+00:00,call_llm_with_tools_turn,openai,gpt-4o,1474.81,4000,0.0,,4,0,0,1913,120,2033,
protocol_isoxazole_des_full,12,1,2026-04-27T00:08:34.007069+00:00,call_llm_with_tools_turn,openai,gpt-4o,13218.58,4000,0.0,,0,0,0,2277,1422,3699,
protocol_isoxazole_des_full,12,1,2026-04-27T00:08:36.025382+00:00,call_llm_with_tools_turn,openai,gpt-4o,2018.07,4000,0.0,,4,0,0,1914,120,2034,
protocol_isoxazole_des_full,12,1,2026-04-27T00:08:53.011426+00:00,call_llm_with_tools_turn,openai,gpt-4o,16985.87,4000,0.0,,0,0,0,2278,1651,3929,
protocol_isoxazole_des_full,12,1,2026-04-27T00:08:55.894983+00:00,call_llm_with_tools_turn,openai,gpt-4o,2883.28,4000,0.0,,8,0,0,2122,324,2446,
protocol_isoxazole_des_full,12,1,2026-04-27T00:09:11.722418+00:00,call_llm_with_tools_turn,openai,gpt-4o,15827.17,4000,0.0,,0,0,0,2992,1626,4618,
protocol_isoxazole_des_full,12,1,2026-04-27T00:09:14.814328+00:00,call_llm_with_tools_turn,openai,gpt-4o,3091.68,4000,0.0,,8,0,0,2121,324,2445,
protocol_isoxazole_des_full,12,1,2026-04-27T00:09:26.347228+00:00,call_llm_with_tools_turn,openai,gpt-4o,11532.65,4000,0.0,,0,0,0,2993,1661,4654,
protocol_isoxazole_des_full,12,1,2026-04-27T00:09:29.446531+00:00,call_llm_with_tools_turn,openai,gpt-4o,3099.06,4000,0.0,,8,0,0,2122,324,2446,
protocol_isoxazole_des_full,12,1,2026-04-27T00:09:43.118138+00:00,call_llm_with_tools_turn,openai,gpt-4o,13671.28,4000,0.0,,0,0,0,2994,1557,4551,
protocol_isoxazole_des_full,12,1,2026-04-27T00:09:45.892098+00:00,call_llm_with_tools_turn,openai,gpt-4o,2773.68,4000,0.0,,8,0,0,1949,296,2245,
protocol_isoxazole_des_full,12,1,2026-04-27T00:09:59.188530+00:00,call_llm_with_tools_turn,openai,gpt-4o,13296.07,4000,0.0,,0,0,0,2784,1532,4316,
protocol_isoxazole_des_full,12,1,2026-04-27T00:10:01.805685+00:00,call_llm_with_tools_turn,openai,gpt-4o,2616.84,4000,0.0,,8,0,0,1948,296,2244,
protocol_isoxazole_des_full,12,1,2026-04-27T00:10:13.675460+00:00,call_llm_with_tools_turn,openai,gpt-4o,11869.5,4000,0.0,,0,0,0,2783,1474,4257,
protocol_isoxazole_des_full,12,1,2026-04-27T00:10:16.357848+00:00,call_llm_with_tools_turn,openai,gpt-4o,2682.12,4000,0.0,,8,0,0,1949,296,2245,
protocol_isoxazole_des_full,12,1,2026-04-27T00:10:31.187169+00:00,call_llm_with_tools_turn,openai,gpt-4o,14829.06,4000,0.0,,0,0,0,2784,1463,4247,
protocol_isoxazole_des_full,12,1,2026-04-27T00:10:42.370117+00:00,call_llm_with_tools_turn,openai,gpt-4o,11180.23,4000,0.0,,0,0,0,1957,1134,3091,
protocol_isoxazole_des_full,12,1,2026-04-27T00:10:51.938360+00:00,call_llm_with_tools_turn,openai,gpt-4o,9568.0,4000,0.0,,0,0,0,1958,1084,3042,
protocol_isoxazole_des_full,12,1,2026-04-27T00:11:01.461433+00:00,call_llm_with_tools_turn,openai,gpt-4o,9522.85,4000,0.0,,0,0,0,1957,1117,3074,
protocol_isoxazole_des_full,12,1,2026-04-27T00:11:02.934676+00:00,call_llm_with_tools_turn,openai,gpt-4o,1473.02,4000,0.0,,4,0,0,1913,120,2033,
protocol_isoxazole_des_full,12,1,2026-04-27T00:11:15.996778+00:00,call_llm_with_tools_turn,openai,gpt-4o,13061.93,4000,0.0,,0,0,0,2277,1418,3695,
protocol_isoxazole_des_full,12,1,2026-04-27T00:11:17.481435+00:00,call_llm_with_tools_turn,openai,gpt-4o,1484.38,4000,0.0,,4,0,0,1914,120,2034,
protocol_isoxazole_des_full,12,1,2026-04-27T00:11:29.455910+00:00,call_llm_with_tools_turn,openai,gpt-4o,11974.32,4000,0.0,,0,0,0,2278,1486,3764,
protocol_isoxazole_des_full,12,1,2026-04-27T00:11:30.815773+00:00,call_llm_with_tools_turn,openai,gpt-4o,1359.63,4000,0.0,,4,0,0,1913,120,2033,
protocol_isoxazole_des_full,12,1,2026-04-27T00:11:41.002417+00:00,call_llm_with_tools_turn,openai,gpt-4o,10186.45,4000,0.0,,0,0,0,2277,1323,3600,
protocol_isoxazole_des_full,12,1,2026-04-27T00:11:44.394878+00:00,call_llm_with_tools_turn,openai,gpt-4o,3392.21,4000,0.0,,8,0,0,2121,324,2445,
protocol_isoxazole_des_full,12,1,2026-04-27T00:11:56.509353+00:00,call_llm_with_tools_turn,openai,gpt-4o,12114.19,4000,0.0,,0,0,0,2981,1511,4492,
protocol_isoxazole_des_full,12,1,2026-04-27T00:12:00.174010+00:00,call_llm_with_tools_turn,openai,gpt-4o,3664.39,4000,0.0,,8,0,0,2122,324,2446,
protocol_isoxazole_des_full,12,1,2026-04-27T00:12:12.235050+00:00,call_llm_with_tools_turn,openai,gpt-4o,12060.76,4000,0.0,,0,0,0,2983,1443,4426,
protocol_isoxazole_des_full,12,1,2026-04-27T00:12:14.980826+00:00,call_llm_with_tools_turn,openai,gpt-4o,2745.52,4000,0.0,,8,0,0,2121,324,2445,
protocol_isoxazole_des_full,12,1,2026-04-27T00:12:26.041608+00:00,call_llm_with_tools_turn,openai,gpt-4o,11060.54,4000,0.0,,0,0,0,2983,1473,4456,
protocol_isoxazole_des_full,12,1,2026-04-27T00:12:28.485446+00:00,call_llm_with_tools_turn,openai,gpt-4o,2443.57,4000,0.0,,8,0,0,1948,296,2244,
protocol_isoxazole_des_full,12,1,2026-04-27T00:12:43.144813+00:00,call_llm_with_tools_turn,openai,gpt-4o,14659.13,4000,0.0,,0,0,0,2783,1620,4403,
protocol_isoxazole_des_full,12,1,2026-04-27T00:12:46.136679+00:00,call_llm_with_tools_turn,openai,gpt-4o,2991.62,4000,0.0,,8,0,0,1949,298,2247,
protocol_isoxazole_des_full,12,1,2026-04-27T00:13:00.038132+00:00,call_llm_with_tools_turn,openai,gpt-4o,13901.17,4000,0.0,,0,0,0,2790,1376,4166,
protocol_isoxazole_des_full,12,1,2026-04-27T00:13:03.027560+00:00,call_llm_with_tools_turn,openai,gpt-4o,2989.19,4000,0.0,,8,0,0,1948,296,2244,
protocol_isoxazole_des_full,12,1,2026-04-27T00:13:17.588212+00:00,call_llm_with_tools_turn,openai,gpt-4o,14560.43,4000,0.0,,0,0,0,2783,1481,4264,
protocol_isoxazole_des_full,12,1,2026-04-27T00:13:26.027283+00:00,call_llm_with_tools_turn,openai,gpt-4o,8437.06,1600,0.0,,0,0,0,2986,842,3828,
protocol_isoxazole_des_full,12,1,2026-04-27T00:13:27.374379+00:00,call_llm,openai,gpt-4o,1346.57,700,0.0,,,0,0,1184,115,1299,335
protocol_isoxazole_des_full,12,1,2026-04-27T00:13:31.226689+00:00,call_llm,openai,gpt-4o,3851.82,800,0.0,,,0,0,591,369,960,1268
protocol_isoxazole_des_full,12,1,2026-04-27T00:13:50.240955+00:00,output_formatter,anthropic,claude-sonnet-4-20250514,19013.01,1500,0.0,,,43298,721,0,0,44019,2443
protocol_isoxazole_des_full,12,2,2026-04-27T00:13:51.821850+00:00,call_llm,openai,gpt-4o,1575.33,400,0.0,,,0,0,218,66,284,282
protocol_isoxazole_des_full,12,2,2026-04-27T00:13:54.266444+00:00,call_llm,openai,gpt-4o,2444.26,500,0.0,,,0,0,746,184,930,645
protocol_isoxazole_des_full,12,2,2026-04-27T00:14:01.959265+00:00,call_llm_with_tools_turn,openai,gpt-4o,7689.84,4000,0.0,,0,0,0,1958,1039,2997,
protocol_isoxazole_des_full,12,2,2026-04-27T00:14:14.129888+00:00,call_llm_with_tools_turn,openai,gpt-4o,12170.39,4000,0.0,,0,0,0,1957,1064,3021,
protocol_isoxazole_des_full,12,2,2026-04-27T00:14:27.463348+00:00,call_llm_with_tools_turn,openai,gpt-4o,13333.2,4000,0.0,,0,0,0,1958,1228,3186,
protocol_isoxazole_des_full,12,2,2026-04-27T00:14:29.214173+00:00,call_llm_with_tools_turn,openai,gpt-4o,1750.55,4000,0.0,,4,0,0,1914,120,2034,
protocol_isoxazole_des_full,12,2,2026-04-27T00:14:41.202462+00:00,call_llm_with_tools_turn,openai,gpt-4o,11988.12,4000,0.0,,0,0,0,2278,1551,3829,
protocol_isoxazole_des_full,12,2,2026-04-27T00:14:42.429609+00:00,call_llm_with_tools_turn,openai,gpt-4o,1226.89,4000,0.0,,4,0,0,1913,120,2033,
protocol_isoxazole_des_full,12,2,2026-04-27T00:14:54.370451+00:00,call_llm_with_tools_turn,openai,gpt-4o,11940.64,4000,0.0,,0,0,0,2277,1467,3744,
protocol_isoxazole_des_full,12,2,2026-04-27T00:14:55.595293+00:00,call_llm_with_tools_turn,openai,gpt-4o,1224.61,4000,0.0,,4,0,0,1914,120,2034,
protocol_isoxazole_des_full,12,2,2026-04-27T00:15:08.844287+00:00,call_llm_with_tools_turn,openai,gpt-4o,13248.81,4000,0.0,,0,0,0,2278,1689,3967,
protocol_isoxazole_des_full,12,2,2026-04-27T00:15:12.102457+00:00,call_llm_with_tools_turn,openai,gpt-4o,3257.9,4000,0.0,,8,0,0,2122,324,2446,
protocol_isoxazole_des_full,12,2,2026-04-27T00:15:25.094925+00:00,call_llm_with_tools_turn,openai,gpt-4o,12992.24,4000,0.0,,0,0,0,2992,1647,4639,
protocol_isoxazole_des_full,12,2,2026-04-27T00:15:27.634958+00:00,call_llm_with_tools_turn,openai,gpt-4o,2539.8,4000,0.0,,8,0,0,2121,324,2445,
protocol_isoxazole_des_full,12,2,2026-04-27T00:15:41.060941+00:00,call_llm_with_tools_turn,openai,gpt-4o,13425.73,4000,0.0,,0,0,0,2993,1556,4549,
protocol_isoxazole_des_full,12,2,2026-04-27T00:15:43.866176+00:00,call_llm_with_tools_turn,openai,gpt-4o,2804.99,4000,0.0,,8,0,0,2122,324,2446,
protocol_isoxazole_des_full,12,2,2026-04-27T00:15:57.806448+00:00,call_llm_with_tools_turn,openai,gpt-4o,13940.04,4000,0.0,,0,0,0,2994,1627,4621,
protocol_isoxazole_des_full,12,2,2026-04-27T00:16:00.606266+00:00,call_llm_with_tools_turn,openai,gpt-4o,2799.55,4000,0.0,,8,0,0,1949,296,2245,
protocol_isoxazole_des_full,12,2,2026-04-27T00:16:13.719482+00:00,call_llm_with_tools_turn,openai,gpt-4o,13112.97,4000,0.0,,0,0,0,2784,1496,4280,
protocol_isoxazole_des_full,12,2,2026-04-27T00:16:17.171159+00:00,call_llm_with_tools_turn,openai,gpt-4o,3451.44,4000,0.0,,8,0,0,1948,296,2244,
protocol_isoxazole_des_full,12,2,2026-04-27T00:16:27.419245+00:00,call_llm_with_tools_turn,openai,gpt-4o,10247.85,4000,0.0,,0,0,0,2783,1346,4129,
protocol_isoxazole_des_full,12,2,2026-04-27T00:16:29.437070+00:00,call_llm_with_tools_turn,openai,gpt-4o,2017.57,4000,0.0,,8,0,0,1949,296,2245,
protocol_isoxazole_des_full,12,2,2026-04-27T00:16:39.368679+00:00,call_llm_with_tools_turn,openai,gpt-4o,9931.37,4000,0.0,,0,0,0,2784,1493,4277,
protocol_isoxazole_des_full,12,2,2026-04-27T00:16:48.768885+00:00,call_llm_with_tools_turn,openai,gpt-4o,9397.4,4000,0.0,,0,0,0,1961,1090,3051,
protocol_isoxazole_des_full,12,2,2026-04-27T00:16:58.331628+00:00,call_llm_with_tools_turn,openai,gpt-4o,9562.49,4000,0.0,,0,0,0,1965,1172,3137,
protocol_isoxazole_des_full,12,2,2026-04-27T00:17:08.903238+00:00,call_llm_with_tools_turn,openai,gpt-4o,10571.37,4000,0.0,,0,0,0,1957,1122,3079,
protocol_isoxazole_des_full,12,2,2026-04-27T00:17:11.195923+00:00,call_llm_with_tools_turn,openai,gpt-4o,2292.44,4000,0.0,,4,0,0,1917,120,2037,
protocol_isoxazole_des_full,12,2,2026-04-27T00:17:21.656893+00:00,call_llm_with_tools_turn,openai,gpt-4o,10460.82,4000,0.0,,0,0,0,2281,1375,3656,
protocol_isoxazole_des_full,12,2,2026-04-27T00:17:23.050226+00:00,call_llm_with_tools_turn,openai,gpt-4o,1393.07,4000,0.0,,4,0,0,1921,120,2041,
protocol_isoxazole_des_full,12,2,2026-04-27T00:17:32.662336+00:00,call_llm_with_tools_turn,openai,gpt-4o,9611.94,4000,0.0,,0,0,0,2285,1384,3669,
protocol_isoxazole_des_full,12,2,2026-04-27T00:17:34.523787+00:00,call_llm_with_tools_turn,openai,gpt-4o,1861.19,4000,0.0,,4,0,0,1913,120,2033,
protocol_isoxazole_des_full,12,2,2026-04-27T00:17:46.536838+00:00,call_llm_with_tools_turn,openai,gpt-4o,12012.87,4000,0.0,,0,0,0,2277,1507,3784,
protocol_isoxazole_des_full,12,2,2026-04-27T00:17:50.694683+00:00,call_llm_with_tools_turn,openai,gpt-4o,4157.58,4000,0.0,,8,0,0,2125,324,2449,
protocol_isoxazole_des_full,12,2,2026-04-27T00:18:01.591704+00:00,call_llm_with_tools_turn,openai,gpt-4o,10896.71,4000,0.0,,0,0,0,2985,1419,4404,
protocol_isoxazole_des_full,12,2,2026-04-27T00:18:03.978599+00:00,call_llm_with_tools_turn,openai,gpt-4o,2386.61,4000,0.0,,8,0,0,2129,324,2453,
protocol_isoxazole_des_full,12,2,2026-04-27T00:18:15.531541+00:00,call_llm_with_tools_turn,openai,gpt-4o,11552.6,4000,0.0,,0,0,0,3000,1563,4563,
protocol_isoxazole_des_full,12,2,2026-04-27T00:18:18.501246+00:00,call_llm_with_tools_turn,openai,gpt-4o,2969.44,4000,0.0,,10,0,0,2121,450,2571,
protocol_isoxazole_des_full,12,2,2026-04-27T00:18:31.241882+00:00,call_llm_with_tools_turn,openai,gpt-4o,12740.31,4000,0.0,,0,0,0,3156,1478,4634,
protocol_isoxazole_des_full,12,2,2026-04-27T00:18:35.060347+00:00,call_llm_with_tools_turn,openai,gpt-4o,3818.16,4000,0.0,,8,0,0,1952,300,2252,
protocol_isoxazole_des_full,12,2,2026-04-27T00:18:49.567089+00:00,call_llm_with_tools_turn,openai,gpt-4o,14506.51,4000,0.0,,0,0,0,2799,1446,4245,
protocol_isoxazole_des_full,12,2,2026-04-27T00:18:50.876872+00:00,call_llm_with_tools_turn,openai,gpt-4o,1309.57,4000,0.0,,2,0,0,1956,86,2042,
protocol_isoxazole_des_full,12,2,2026-04-27T00:19:02.083181+00:00,call_llm_with_tools_turn,openai,gpt-4o,11206.13,4000,0.0,,0,0,0,2185,1502,3687,
protocol_isoxazole_des_full,12,2,2026-04-27T00:19:05.110632+00:00,call_llm_with_tools_turn,openai,gpt-4o,3027.2,4000,0.0,,8,0,0,1948,299,2247,
protocol_isoxazole_des_full,12,2,2026-04-27T00:19:16.123251+00:00,call_llm_with_tools_turn,openai,gpt-4o,11012.36,4000,0.0,,0,0,0,2792,1430,4222,
protocol_isoxazole_des_full,12,2,2026-04-27T00:19:24.316984+00:00,call_llm_with_tools_turn,openai,gpt-4o,8191.77,1600,0.0,,0,0,0,2759,964,3723,
protocol_isoxazole_des_full,12,2,2026-04-27T00:19:39.650566+00:00,output_formatter,anthropic,claude-sonnet-4-20250514,15333.15,1500,0.0,,,4229,574,0,0,4803,2072
protocol_isoxazole_des_full,24,1,2026-04-27T00:19:41.110923+00:00,call_llm,openai,gpt-4o,1456.03,400,0.0,,,0,0,218,69,287,283
protocol_isoxazole_des_full,24,1,2026-04-27T00:19:43.529980+00:00,call_llm,openai,gpt-4o,2418.78,500,0.0,,,0,0,746,153,899,546
protocol_isoxazole_des_full,24,1,2026-04-27T00:19:58.190643+00:00,call_llm_with_tools_turn,openai,gpt-4o,14656.82,4000,0.0,,0,0,0,1958,1041,2999,
protocol_isoxazole_des_full,24,1,2026-04-27T00:20:07.519621+00:00,call_llm_with_tools_turn,openai,gpt-4o,9328.74,4000,0.0,,0,0,0,1958,1095,3053,
protocol_isoxazole_des_full,24,1,2026-04-27T00:20:15.282793+00:00,call_llm_with_tools_turn,openai,gpt-4o,7762.93,4000,0.0,,0,0,0,1957,1062,3019,
protocol_isoxazole_des_full,24,1,2026-04-27T00:20:25.084438+00:00,call_llm_with_tools_turn,openai,gpt-4o,9801.42,4000,0.0,,0,0,0,1957,1180,3137,
protocol_isoxazole_des_full,24,1,2026-04-27T00:20:33.357110+00:00,call_llm_with_tools_turn,openai,gpt-4o,8272.45,4000,0.0,,0,0,0,1957,1095,3052,
protocol_isoxazole_des_full,24,1,2026-04-27T00:20:41.918763+00:00,call_llm_with_tools_turn,openai,gpt-4o,8561.39,4000,0.0,,0,0,0,1958,1110,3068,
protocol_isoxazole_des_full,24,1,2026-04-27T00:20:43.346070+00:00,call_llm_with_tools_turn,openai,gpt-4o,1427.03,4000,0.0,,4,0,0,1914,120,2034,
protocol_isoxazole_des_full,24,1,2026-04-27T00:20:56.074839+00:00,call_llm_with_tools_turn,openai,gpt-4o,12728.6,4000,0.0,,0,0,0,2278,1633,3911,
protocol_isoxazole_des_full,24,1,2026-04-27T00:20:57.426268+00:00,call_llm_with_tools_turn,openai,gpt-4o,1351.18,4000,0.0,,4,0,0,1914,120,2034,
protocol_isoxazole_des_full,24,1,2026-04-27T00:21:09.863169+00:00,call_llm_with_tools_turn,openai,gpt-4o,12436.72,4000,0.0,,0,0,0,2278,1492,3770,
protocol_isoxazole_des_full,24,1,2026-04-27T00:21:11.524225+00:00,call_llm_with_tools_turn,openai,gpt-4o,1660.84,4000,0.0,,4,0,0,1913,120,2033,
protocol_isoxazole_des_full,24,1,2026-04-27T00:21:24.589962+00:00,call_llm_with_tools_turn,openai,gpt-4o,13065.56,4000,0.0,,0,0,0,2277,1431,3708,
protocol_isoxazole_des_full,24,1,2026-04-27T00:21:26.089033+00:00,call_llm_with_tools_turn,openai,gpt-4o,1498.84,4000,0.0,,4,0,0,1913,120,2033,
protocol_isoxazole_des_full,24,1,2026-04-27T00:21:37.423859+00:00,call_llm_with_tools_turn,openai,gpt-4o,11334.64,4000,0.0,,0,0,0,2277,1498,3775,
protocol_isoxazole_des_full,24,1,2026-04-27T00:21:38.787670+00:00,call_llm_with_tools_turn,openai,gpt-4o,1363.57,4000,0.0,,4,0,0,1913,120,2033,
protocol_isoxazole_des_full,24,1,2026-04-27T00:21:49.533751+00:00,call_llm_with_tools_turn,openai,gpt-4o,10745.85,4000,0.0,,0,0,0,2277,1495,3772,
protocol_isoxazole_des_full,24,1,2026-04-27T00:21:50.881813+00:00,call_llm_with_tools_turn,openai,gpt-4o,1347.79,4000,0.0,,4,0,0,1914,120,2034,
protocol_isoxazole_des_full,24,1,2026-04-27T00:22:02.109823+00:00,call_llm_with_tools_turn,openai,gpt-4o,11227.84,4000,0.0,,0,0,0,2278,1380,3658,
protocol_isoxazole_des_full,24,1,2026-04-27T00:22:04.522523+00:00,call_llm_with_tools_turn,openai,gpt-4o,2412.46,4000,0.0,,8,0,0,2122,324,2446,
protocol_isoxazole_des_full,24,1,2026-04-27T00:22:16.431549+00:00,call_llm_with_tools_turn,openai,gpt-4o,11908.73,4000,0.0,,0,0,0,2992,1680,4672,
protocol_isoxazole_des_full,24,1,2026-04-27T00:22:19.150375+00:00,call_llm_with_tools_turn,openai,gpt-4o,2718.54,4000,0.0,,8,0,0,2122,324,2446,
protocol_isoxazole_des_full,24,1,2026-04-27T00:22:29.960697+00:00,call_llm_with_tools_turn,openai,gpt-4o,10810.05,4000,0.0,,0,0,0,2994,1648,4642,
protocol_isoxazole_des_full,24,1,2026-04-27T00:22:32.153473+00:00,call_llm_with_tools_turn,openai,gpt-4o,2192.49,4000,0.0,,8,0,0,2121,324,2445,
protocol_isoxazole_des_full,24,1,2026-04-27T00:22:43.714999+00:00,call_llm_with_tools_turn,openai,gpt-4o,11561.22,4000,0.0,,0,0,0,2991,1615,4606,
protocol_isoxazole_des_full,24,1,2026-04-27T00:22:46.270455+00:00,call_llm_with_tools_turn,openai,gpt-4o,2555.18,4000,0.0,,8,0,0,2121,304,2425,
protocol_isoxazole_des_full,24,1,2026-04-27T00:22:59.169837+00:00,call_llm_with_tools_turn,openai,gpt-4o,12899.09,4000,0.0,,0,0,0,2972,1774,4746,
protocol_isoxazole_des_full,24,1,2026-04-27T00:23:02.037129+00:00,call_llm_with_tools_turn,openai,gpt-4o,2867.02,4000,0.0,,8,0,0,2121,324,2445,
protocol_isoxazole_des_full,24,1,2026-04-27T00:23:16.387980+00:00,call_llm_with_tools_turn,openai,gpt-4o,14350.6,4000,0.0,,0,0,0,2993,1717,4710,
protocol_isoxazole_des_full,24,1,2026-04-27T00:23:19.041141+00:00,call_llm_with_tools_turn,openai,gpt-4o,2652.92,4000,0.0,,8,0,0,2122,324,2446,
protocol_isoxazole_des_full,24,1,2026-04-27T00:23:31.493159+00:00,call_llm_with_tools_turn,openai,gpt-4o,12451.74,4000,0.0,,0,0,0,2993,1665,4658,
protocol_isoxazole_des_full,24,1,2026-04-27T00:23:32.863331+00:00,call_llm_with_tools_turn,openai,gpt-4o,1369.91,4000,0.0,,2,0,0,1949,86,2035,
protocol_isoxazole_des_full,24,1,2026-04-27T00:23:43.781233+00:00,call_llm_with_tools_turn,openai,gpt-4o,10917.7,4000,0.0,,0,0,0,2178,1290,3468,
protocol_isoxazole_des_full,24,1,2026-04-27T00:23:47.130044+00:00,call_llm_with_tools_turn,openai,gpt-4o,3348.51,4000,0.0,,8,0,0,1949,296,2245,
protocol_isoxazole_des_full,24,1,2026-04-27T00:23:57.753706+00:00,call_llm_with_tools_turn,openai,gpt-4o,10623.41,4000,0.0,,0,0,0,2784,1456,4240,
protocol_isoxazole_des_full,24,1,2026-04-27T00:24:00.734677+00:00,call_llm_with_tools_turn,openai,gpt-4o,2980.72,4000,0.0,,8,0,0,1948,296,2244,
protocol_isoxazole_des_full,24,1,2026-04-27T00:24:11.909516+00:00,call_llm_with_tools_turn,openai,gpt-4o,11174.58,4000,0.0,,0,0,0,2783,1364,4147,
protocol_isoxazole_des_full,24,1,2026-04-27T00:24:14.644249+00:00,call_llm_with_tools_turn,openai,gpt-4o,2734.5,4000,0.0,,8,0,0,1948,296,2244,
protocol_isoxazole_des_full,24,1,2026-04-27T00:24:26.043641+00:00,call_llm_with_tools_turn,openai,gpt-4o,11399.15,4000,0.0,,0,0,0,2783,1449,4232,
protocol_isoxazole_des_full,24,1,2026-04-27T00:24:29.596644+00:00,call_llm_with_tools_turn,openai,gpt-4o,3552.72,4000,0.0,,8,0,0,1948,296,2244,
protocol_isoxazole_des_full,24,1,2026-04-27T00:24:39.671073+00:00,call_llm_with_tools_turn,openai,gpt-4o,10074.17,4000,0.0,,0,0,0,2783,1334,4117,
protocol_isoxazole_des_full,24,1,2026-04-27T00:24:41.912386+00:00,call_llm_with_tools_turn,openai,gpt-4o,2241.05,4000,0.0,,8,0,0,1949,296,2245,
protocol_isoxazole_des_full,24,1,2026-04-27T00:24:50.238329+00:00,call_llm_with_tools_turn,openai,gpt-4o,8325.68,4000,0.0,,0,0,0,2784,1273,4057,
protocol_isoxazole_des_full,24,1,2026-04-27T00:24:56.820309+00:00,call_llm_with_tools_turn,openai,gpt-4o,6577.52,4000,0.0,,0,0,0,1955,927,2882,
protocol_isoxazole_des_full,24,1,2026-04-27T00:25:05.613427+00:00,call_llm_with_tools_turn,openai,gpt-4o,8792.88,4000,0.0,,0,0,0,1954,1068,3022,
protocol_isoxazole_des_full,24,1,2026-04-27T00:25:17.024854+00:00,call_llm_with_tools_turn,openai,gpt-4o,11411.17,4000,0.0,,0,0,0,1962,1174,3136,
protocol_isoxazole_des_full,24,1,2026-04-27T00:25:25.608899+00:00,call_llm_with_tools_turn,openai,gpt-4o,8583.8,4000,0.0,,0,0,0,1957,1114,3071,
protocol_isoxazole_des_full,24,1,2026-04-27T00:25:32.136188+00:00,call_llm_with_tools_turn,openai,gpt-4o,6527.05,4000,0.0,,0,0,0,1954,777,2731,
protocol_isoxazole_des_full,24,1,2026-04-27T00:25:40.473597+00:00,call_llm_with_tools_turn,openai,gpt-4o,8337.21,4000,0.0,,0,0,0,1966,1052,3018,
protocol_isoxazole_des_full,24,1,2026-04-27T00:25:42.189019+00:00,call_llm_with_tools_turn,openai,gpt-4o,1715.13,4000,0.0,,4,0,0,1911,120,2031,
protocol_isoxazole_des_full,24,1,2026-04-27T00:25:55.577313+00:00,call_llm_with_tools_turn,openai,gpt-4o,13388.11,4000,0.0,,0,0,0,2275,1631,3906,
protocol_isoxazole_des_full,24,1,2026-04-27T00:25:57.259937+00:00,call_llm_with_tools_turn,openai,gpt-4o,1682.38,4000,0.0,,4,0,0,1910,120,2030,
protocol_isoxazole_des_full,24,1,2026-04-27T00:26:09.731661+00:00,call_llm_with_tools_turn,openai,gpt-4o,12471.53,4000,0.0,,0,0,0,2274,1470,3744,
protocol_isoxazole_des_full,24,1,2026-04-27T00:26:11.247580+00:00,call_llm_with_tools_turn,openai,gpt-4o,1515.63,4000,0.0,,4,0,0,1918,120,2038,
protocol_isoxazole_des_full,24,1,2026-04-27T00:26:23.187235+00:00,call_llm_with_tools_turn,openai,gpt-4o,11939.47,4000,0.0,,0,0,0,2282,1515,3797,
protocol_isoxazole_des_full,24,1,2026-04-27T00:26:24.684524+00:00,call_llm_with_tools_turn,openai,gpt-4o,1497.06,4000,0.0,,4,0,0,1913,120,2033,
protocol_isoxazole_des_full,24,1,2026-04-27T00:26:37.618084+00:00,call_llm_with_tools_turn,openai,gpt-4o,12933.36,4000,0.0,,0,0,0,2277,1519,3796,
protocol_isoxazole_des_full,24,1,2026-04-27T00:26:39.158051+00:00,call_llm_with_tools_turn,openai,gpt-4o,1539.72,4000,0.0,,4,0,0,1910,120,2030,
protocol_isoxazole_des_full,24,1,2026-04-27T00:26:49.349841+00:00,call_llm_with_tools_turn,openai,gpt-4o,10191.6,4000,0.0,,0,0,0,2274,1529,3803,
protocol_isoxazole_des_full,24,1,2026-04-27T00:26:50.906460+00:00,call_llm_with_tools_turn,openai,gpt-4o,1556.36,4000,0.0,,4,0,0,1922,120,2042,
protocol_isoxazole_des_full,24,1,2026-04-27T00:27:02.186231+00:00,call_llm_with_tools_turn,openai,gpt-4o,11279.6,4000,0.0,,0,0,0,2286,1567,3853,
protocol_isoxazole_des_full,24,1,2026-04-27T00:27:04.669389+00:00,call_llm_with_tools_turn,openai,gpt-4o,2482.88,4000,0.0,,8,0,0,2119,324,2443,
protocol_isoxazole_des_full,24,1,2026-04-27T00:27:18.122384+00:00,call_llm_with_tools_turn,openai,gpt-4o,13452.71,4000,0.0,,0,0,0,2978,1498,4476,
protocol_isoxazole_des_full,24,1,2026-04-27T00:27:21.422866+00:00,call_llm_with_tools_turn,openai,gpt-4o,3300.22,4000,0.0,,9,0,0,2118,419,2537,
protocol_isoxazole_des_full,24,1,2026-04-27T00:27:31.080283+00:00,call_llm_with_tools_turn,openai,gpt-4o,9657.11,4000,0.0,,0,0,0,3046,1421,4467,
protocol_isoxazole_des_full,24,1,2026-04-27T00:27:33.636225+00:00,call_llm_with_tools_turn,openai,gpt-4o,2555.71,4000,0.0,,8,0,0,2126,324,2450,
protocol_isoxazole_des_full,24,1,2026-04-27T00:27:44.413079+00:00,call_llm_with_tools_turn,openai,gpt-4o,10776.57,4000,0.0,,0,0,0,2994,1565,4559,
protocol_isoxazole_des_full,24,1,2026-04-27T00:27:47.306101+00:00,call_llm_with_tools_turn,openai,gpt-4o,2892.74,4000,0.0,,8,0,0,2121,324,2445,
protocol_isoxazole_des_full,24,1,2026-04-27T00:27:56.845030+00:00,call_llm_with_tools_turn,openai,gpt-4o,9538.6,4000,0.0,,0,0,0,2980,1504,4484,
protocol_isoxazole_des_full,24,1,2026-04-27T00:28:01.078134+00:00,call_llm_with_tools_turn,openai,gpt-4o,4232.84,4000,0.0,,10,0,0,2118,450,2568,
protocol_isoxazole_des_full,24,1,2026-04-27T00:28:12.034296+00:00,call_llm_with_tools_turn,openai,gpt-4o,10955.84,4000,0.0,,0,0,0,3150,1471,4621,
protocol_isoxazole_des_full,24,1,2026-04-27T00:28:15.145553+00:00,call_llm_with_tools_turn,openai,gpt-4o,3111.0,4000,0.0,,8,0,0,2130,324,2454,
protocol_isoxazole_des_full,24,1,2026-04-27T00:28:26.128906+00:00,call_llm_with_tools_turn,openai,gpt-4o,10983.06,4000,0.0,,0,0,0,3002,1663,4665,
protocol_isoxazole_des_full,24,1,2026-04-27T00:28:28.466436+00:00,call_llm_with_tools_turn,openai,gpt-4o,2337.18,4000,0.0,,8,0,0,1946,297,2243,
protocol_isoxazole_des_full,24,1,2026-04-27T00:28:38.259542+00:00,call_llm_with_tools_turn,openai,gpt-4o,9792.87,4000,0.0,,0,0,0,2784,1469,4253,
protocol_isoxazole_des_full,24,1,2026-04-27T00:28:40.676181+00:00,call_llm_with_tools_turn,openai,gpt-4o,2416.33,4000,0.0,,8,0,0,1945,296,2241,
protocol_isoxazole_des_full,24,1,2026-04-27T00:28:51.296829+00:00,call_llm_with_tools_turn,openai,gpt-4o,10620.38,4000,0.0,,0,0,0,2780,1476,4256,
protocol_isoxazole_des_full,24,1,2026-04-27T00:28:54.298554+00:00,call_llm_with_tools_turn,openai,gpt-4o,3001.44,4000,0.0,,8,0,0,1953,296,2249,
protocol_isoxazole_des_full,24,1,2026-04-27T00:29:04.003568+00:00,call_llm_with_tools_turn,openai,gpt-4o,9704.73,4000,0.0,,0,0,0,2788,1454,4242,
protocol_isoxazole_des_full,24,1,2026-04-27T00:29:05.851893+00:00,call_llm_with_tools_turn,openai,gpt-4o,1847.96,4000,0.0,,2,0,0,1948,87,2035,
protocol_isoxazole_des_full,24,1,2026-04-27T00:29:16.152494+00:00,call_llm_with_tools_turn,openai,gpt-4o,10300.36,4000,0.0,,0,0,0,2180,1439,3619,
protocol_isoxazole_des_full,24,1,2026-04-27T00:29:18.461556+00:00,call_llm_with_tools_turn,openai,gpt-4o,2308.82,4000,0.0,,8,0,0,1945,296,2241,
protocol_isoxazole_des_full,24,1,2026-04-27T00:29:27.173648+00:00,call_llm_with_tools_turn,openai,gpt-4o,8711.86,4000,0.0,,0,0,0,2780,1407,4187,
protocol_isoxazole_des_full,24,1,2026-04-27T00:29:31.607392+00:00,call_llm_with_tools_turn,openai,gpt-4o,4433.47,4000,0.0,,8,0,0,1957,296,2253,
protocol_isoxazole_des_full,24,1,2026-04-27T00:29:42.640577+00:00,call_llm_with_tools_turn,openai,gpt-4o,11032.94,4000,0.0,,0,0,0,2792,1605,4397,
protocol_isoxazole_des_full,24,1,2026-04-27T00:29:44.734990+00:00,call_llm_with_tools_turn,openai,gpt-4o,2090.82,1600,0.0,,3,0,0,4004,208,4212,
protocol_isoxazole_des_full,24,1,2026-04-27T00:29:54.915657+00:00,call_llm_with_tools_turn,openai,gpt-4o,10180.37,1600,0.0,,0,0,0,5083,867,5950,
protocol_isoxazole_des_full,24,1,2026-04-27T00:29:56.219232+00:00,call_llm,openai,gpt-4o,1302.92,700,0.0,,,0,0,1276,111,1387,318
protocol_isoxazole_des_full,24,1,2026-04-27T00:30:00.261057+00:00,call_llm,openai,gpt-4o,4041.44,800,0.0,,,0,0,585,363,948,1318
protocol_isoxazole_des_full,24,1,2026-04-27T00:30:20.239810+00:00,output_formatter,anthropic,claude-sonnet-4-20250514,19977.21,1500,0.0,,,79310,644,0,0,79954,2152
protocol_isoxazole_des_full,24,2,2026-04-27T00:30:21.605706+00:00,call_llm,openai,gpt-4o,1359.02,400,0.0,,,0,0,218,83,301,336
protocol_isoxazole_des_full,24,2,2026-04-27T00:30:24.488879+00:00,call_llm,openai,gpt-4o,2882.84,500,0.0,,,0,0,746,161,907,615
protocol_isoxazole_des_full,24,2,2026-04-27T00:30:34.815544+00:00,call_llm_with_tools_turn,openai,gpt-4o,10323.03,4000,0.0,,0,0,0,1958,1130,3088,
protocol_isoxazole_des_full,24,2,2026-04-27T00:30:46.611547+00:00,call_llm_with_tools_turn,openai,gpt-4o,11795.77,4000,0.0,,0,0,0,1957,1071,3028,
protocol_isoxazole_des_full,24,2,2026-04-27T00:30:56.531626+00:00,call_llm_with_tools_turn,openai,gpt-4o,9919.83,4000,0.0,,0,0,0,1958,1173,3131,
protocol_isoxazole_des_full,24,2,2026-04-27T00:31:07.485653+00:00,call_llm_with_tools_turn,openai,gpt-4o,10953.76,4000,0.0,,0,0,0,1958,1153,3111,
protocol_isoxazole_des_full,24,2,2026-04-27T00:31:16.460814+00:00,call_llm_with_tools_turn,openai,gpt-4o,8974.89,4000,0.0,,0,0,0,1957,1040,2997,
protocol_isoxazole_des_full,24,2,2026-04-27T00:31:25.976369+00:00,call_llm_with_tools_turn,openai,gpt-4o,9515.3,4000,0.0,,0,0,0,1958,1203,3161,
protocol_isoxazole_des_full,24,2,2026-04-27T00:31:28.513295+00:00,call_llm_with_tools_turn,openai,gpt-4o,2536.63,4000,0.0,,4,0,0,1914,120,2034,
protocol_isoxazole_des_full,24,2,2026-04-27T00:31:45.413027+00:00,call_llm_with_tools_turn,openai,gpt-4o,16899.53,4000,0.0,,0,0,0,2278,1466,3744,
protocol_isoxazole_des_full,24,2,2026-04-27T00:31:46.872762+00:00,call_llm_with_tools_turn,openai,gpt-4o,1459.5,4000,0.0,,4,0,0,1913,120,2033,
protocol_isoxazole_des_full,24,2,2026-04-27T00:31:59.125465+00:00,call_llm_with_tools_turn,openai,gpt-4o,12252.52,4000,0.0,,0,0,0,2277,1567,3844,
protocol_isoxazole_des_full,24,2,2026-04-27T00:32:00.518141+00:00,call_llm_with_tools_turn,openai,gpt-4o,1392.44,4000,0.0,,3,0,0,1914,108,2022,
protocol_isoxazole_des_full,24,2,2026-04-27T00:32:11.209203+00:00,call_llm_with_tools_turn,openai,gpt-4o,10690.88,4000,0.0,,0,0,0,2206,1733,3939,
protocol_isoxazole_des_full,24,2,2026-04-27T00:32:12.178910+00:00,call_llm_with_tools_turn,openai,gpt-4o,969.44,4000,0.0,,2,0,0,1914,73,1987,
protocol_isoxazole_des_full,24,2,2026-04-27T00:32:22.919663+00:00,call_llm_with_tools_turn,openai,gpt-4o,10740.57,4000,0.0,,0,0,0,2112,1433,3545,
protocol_isoxazole_des_full,24,2,2026-04-27T00:32:24.095119+00:00,call_llm_with_tools_turn,openai,gpt-4o,1175.2,4000,0.0,,2,0,0,1913,73,1986,
protocol_isoxazole_des_full,24,2,2026-04-27T00:32:37.075236+00:00,call_llm_with_tools_turn,openai,gpt-4o,12979.95,4000,0.0,,0,0,0,2111,1572,3683,
protocol_isoxazole_des_full,24,2,2026-04-27T00:32:38.644180+00:00,call_llm_with_tools_turn,openai,gpt-4o,1568.72,4000,0.0,,3,0,0,1914,108,2022,
protocol_isoxazole_des_full,24,2,2026-04-27T00:32:49.544451+00:00,call_llm_with_tools_turn,openai,gpt-4o,10900.11,4000,0.0,,0,0,0,2206,1510,3716,
protocol_isoxazole_des_full,24,2,2026-04-27T00:32:52.752820+00:00,call_llm_with_tools_turn,openai,gpt-4o,3208.09,4000,0.0,,8,0,0,2122,324,2446,
protocol_isoxazole_des_full,24,2,2026-04-27T00:33:04.273305+00:00,call_llm_with_tools_turn,openai,gpt-4o,11520.21,4000,0.0,,0,0,0,2992,1502,4494,
protocol_isoxazole_des_full,24,2,2026-04-27T00:33:07.255124+00:00,call_llm_with_tools_turn,openai,gpt-4o,2981.54,4000,0.0,,8,0,0,2121,324,2445,
protocol_isoxazole_des_full,24,2,2026-04-27T00:33:18.894184+00:00,call_llm_with_tools_turn,openai,gpt-4o,11638.76,4000,0.0,,0,0,0,2993,1488,4481,
protocol_isoxazole_des_full,24,2,2026-04-27T00:33:21.573564+00:00,call_llm_with_tools_turn,openai,gpt-4o,2679.03,4000,0.0,,8,0,0,2122,324,2446,
protocol_isoxazole_des_full,24,2,2026-04-27T00:33:35.355571+00:00,call_llm_with_tools_turn,openai,gpt-4o,13781.71,4000,0.0,,0,0,0,2994,1603,4597,
protocol_isoxazole_des_full,24,2,2026-04-27T00:33:37.705912+00:00,call_llm_with_tools_turn,openai,gpt-4o,2350.05,4000,0.0,,8,0,0,2122,304,2426,
protocol_isoxazole_des_full,24,2,2026-04-27T00:33:51.157094+00:00,call_llm_with_tools_turn,openai,gpt-4o,13450.9,4000,0.0,,0,0,0,2972,1583,4555,
protocol_isoxazole_des_full,24,2,2026-04-27T00:33:53.811354+00:00,call_llm_with_tools_turn,openai,gpt-4o,2653.96,4000,0.0,,8,0,0,2121,324,2445,
protocol_isoxazole_des_full,24,2,2026-04-27T00:34:03.765030+00:00,call_llm_with_tools_turn,openai,gpt-4o,9953.42,4000,0.0,,0,0,0,2991,1472,4463,
protocol_isoxazole_des_full,24,2,2026-04-27T00:34:06.757699+00:00,call_llm_with_tools_turn,openai,gpt-4o,2992.42,4000,0.0,,8,0,0,2122,324,2446,
protocol_isoxazole_des_full,24,2,2026-04-27T00:34:19.721522+00:00,call_llm_with_tools_turn,openai,gpt-4o,12963.55,4000,0.0,,0,0,0,2993,1737,4730,
protocol_isoxazole_des_full,24,2,2026-04-27T00:34:23.921084+00:00,call_llm_with_tools_turn,openai,gpt-4o,4199.27,4000,0.0,,8,0,0,1949,296,2245,
protocol_isoxazole_des_full,24,2,2026-04-27T00:34:34.945534+00:00,call_llm_with_tools_turn,openai,gpt-4o,11024.16,4000,0.0,,0,0,0,2784,1433,4217,
protocol_isoxazole_des_full,24,2,2026-04-27T00:34:37.261178+00:00,call_llm_with_tools_turn,openai,gpt-4o,2315.35,4000,0.0,,8,0,0,1948,296,2244,
protocol_isoxazole_des_full,24,2,2026-04-27T00:34:46.473445+00:00,call_llm_with_tools_turn,openai,gpt-4o,9212.02,4000,0.0,,0,0,0,2783,1353,4136,
protocol_isoxazole_des_full,24,2,2026-04-27T00:34:48.833733+00:00,call_llm_with_tools_turn,openai,gpt-4o,2360.03,4000,0.0,,8,0,0,1949,296,2245,
protocol_isoxazole_des_full,24,2,2026-04-27T00:34:59.512385+00:00,call_llm_with_tools_turn,openai,gpt-4o,10678.42,4000,0.0,,0,0,0,2784,1362,4146,
protocol_isoxazole_des_full,24,2,2026-04-27T00:35:02.464583+00:00,call_llm_with_tools_turn,openai,gpt-4o,2951.94,4000,0.0,,8,0,0,1949,296,2245,
protocol_isoxazole_des_full,24,2,2026-04-27T00:35:12.206026+00:00,call_llm_with_tools_turn,openai,gpt-4o,9741.19,4000,0.0,,0,0,0,2784,1388,4172,
protocol_isoxazole_des_full,24,2,2026-04-27T00:35:14.515144+00:00,call_llm_with_tools_turn,openai,gpt-4o,2308.87,4000,0.0,,8,0,0,1948,296,2244,
protocol_isoxazole_des_full,24,2,2026-04-27T00:35:26.910100+00:00,call_llm_with_tools_turn,openai,gpt-4o,12394.7,4000,0.0,,0,0,0,2783,1459,4242,
protocol_isoxazole_des_full,24,2,2026-04-27T00:35:29.749874+00:00,call_llm_with_tools_turn,openai,gpt-4o,2839.52,4000,0.0,,8,0,0,1949,296,2245,
protocol_isoxazole_des_full,24,2,2026-04-27T00:35:39.113917+00:00,call_llm_with_tools_turn,openai,gpt-4o,9363.74,4000,0.0,,0,0,0,2784,1220,4004,
protocol_isoxazole_des_full,24,2,2026-04-27T00:35:46.678105+00:00,call_llm_with_tools_turn,openai,gpt-4o,7559.68,4000,0.0,,0,0,0,1961,1045,3006,
protocol_isoxazole_des_full,24,2,2026-04-27T00:35:56.999607+00:00,call_llm_with_tools_turn,openai,gpt-4o,10321.28,4000,0.0,,0,0,0,1960,1210,3170,
protocol_isoxazole_des_full,24,2,2026-04-27T00:36:09.938323+00:00,call_llm_with_tools_turn,openai,gpt-4o,12938.5,4000,0.0,,0,0,0,1960,1247,3207,
protocol_isoxazole_des_full,24,2,2026-04-27T00:36:18.734557+00:00,call_llm_with_tools_turn,openai,gpt-4o,8796.02,4000,0.0,,0,0,0,1957,1099,3056,
protocol_isoxazole_des_full,24,2,2026-04-27T00:36:27.191199+00:00,call_llm_with_tools_turn,openai,gpt-4o,8456.43,4000,0.0,,0,0,0,1957,1128,3085,
protocol_isoxazole_des_full,24,2,2026-04-27T00:36:35.624813+00:00,call_llm_with_tools_turn,openai,gpt-4o,8433.37,4000,0.0,,0,0,0,1956,1115,3071,
protocol_isoxazole_des_full,24,2,2026-04-27T00:36:38.355761+00:00,call_llm_with_tools_turn,openai,gpt-4o,2730.67,4000,0.0,,4,0,0,1917,120,2037,
protocol_isoxazole_des_full,24,2,2026-04-27T00:36:49.234464+00:00,call_llm_with_tools_turn,openai,gpt-4o,10878.54,4000,0.0,,0,0,0,2281,1426,3707,
protocol_isoxazole_des_full,24,2,2026-04-27T00:36:50.607960+00:00,call_llm_with_tools_turn,openai,gpt-4o,1373.24,4000,0.0,,4,0,0,1916,120,2036,
protocol_isoxazole_des_full,24,2,2026-04-27T00:37:01.372734+00:00,call_llm_with_tools_turn,openai,gpt-4o,10764.6,4000,0.0,,0,0,0,2280,1380,3660,
protocol_isoxazole_des_full,24,2,2026-04-27T00:37:02.749796+00:00,call_llm_with_tools_turn,openai,gpt-4o,1376.87,4000,0.0,,4,0,0,1916,120,2036,
protocol_isoxazole_des_full,24,2,2026-04-27T00:37:13.725074+00:00,call_llm_with_tools_turn,openai,gpt-4o,10975.1,4000,0.0,,0,0,0,2280,1417,3697,
protocol_isoxazole_des_full,24,2,2026-04-27T00:37:15.556396+00:00,call_llm_with_tools_turn,openai,gpt-4o,1831.05,4000,0.0,,4,0,0,1913,120,2033,
protocol_isoxazole_des_full,24,2,2026-04-27T00:37:25.926319+00:00,call_llm_with_tools_turn,openai,gpt-4o,10369.73,4000,0.0,,0,0,0,2277,1478,3755,
protocol_isoxazole_des_full,24,2,2026-04-27T00:37:27.225298+00:00,call_llm_with_tools_turn,openai,gpt-4o,1298.75,4000,0.0,,4,0,0,1913,120,2033,
protocol_isoxazole_des_full,24,2,2026-04-27T00:37:37.042385+00:00,call_llm_with_tools_turn,openai,gpt-4o,9816.9,4000,0.0,,0,0,0,2277,1343,3620,
protocol_isoxazole_des_full,24,2,2026-04-27T00:37:38.177002+00:00,call_llm_with_tools_turn,openai,gpt-4o,1134.34,4000,0.0,,2,0,0,1912,73,1985,
protocol_isoxazole_des_full,24,2,2026-04-27T00:37:48.462011+00:00,call_llm_with_tools_turn,openai,gpt-4o,10284.85,4000,0.0,,0,0,0,2110,1437,3547,
protocol_isoxazole_des_full,24,2,2026-04-27T00:37:50.993111+00:00,call_llm_with_tools_turn,openai,gpt-4o,2530.8,4000,0.0,,8,0,0,2125,324,2449,
protocol_isoxazole_des_full,24,2,2026-04-27T00:38:01.970569+00:00,call_llm_with_tools_turn,openai,gpt-4o,10977.17,4000,0.0,,0,0,0,2981,1530,4511,
protocol_isoxazole_des_full,24,2,2026-04-27T00:38:04.699250+00:00,call_llm_with_tools_turn,openai,gpt-4o,2728.46,4000,0.0,,8,0,0,2124,324,2448,
protocol_isoxazole_des_full,24,2,2026-04-27T00:38:15.045341+00:00,call_llm_with_tools_turn,openai,gpt-4o,10345.86,4000,0.0,,0,0,0,2989,1606,4595,
protocol_isoxazole_des_full,24,2,2026-04-27T00:38:17.714814+00:00,call_llm_with_tools_turn,openai,gpt-4o,2669.23,4000,0.0,,8,0,0,2124,324,2448,
protocol_isoxazole_des_full,24,2,2026-04-27T00:38:26.641337+00:00,call_llm_with_tools_turn,openai,gpt-4o,8926.25,4000,0.0,,0,0,0,2988,1468,4456,
protocol_isoxazole_des_full,24,2,2026-04-27T00:38:29.471982+00:00,call_llm_with_tools_turn,openai,gpt-4o,2830.38,4000,0.0,,8,0,0,2121,324,2445,
protocol_isoxazole_des_full,24,2,2026-04-27T00:38:39.238203+00:00,call_llm_with_tools_turn,openai,gpt-4o,9765.96,4000,0.0,,0,0,0,2982,1476,4458,
protocol_isoxazole_des_full,24,2,2026-04-27T00:38:41.568898+00:00,call_llm_with_tools_turn,openai,gpt-4o,2330.41,4000,0.0,,8,0,0,2121,324,2445,
protocol_isoxazole_des_full,24,2,2026-04-27T00:38:53.901929+00:00,call_llm_with_tools_turn,openai,gpt-4o,12332.73,4000,0.0,,0,0,0,2981,1484,4465,
protocol_isoxazole_des_full,24,2,2026-04-27T00:38:57.320621+00:00,call_llm_with_tools_turn,openai,gpt-4o,3418.45,4000,0.0,,8,0,0,2120,324,2444,
protocol_isoxazole_des_full,24,2,2026-04-27T00:39:09.962626+00:00,call_llm_with_tools_turn,openai,gpt-4o,12641.72,4000,0.0,,0,0,0,2978,1492,4470,
protocol_isoxazole_des_full,24,2,2026-04-27T00:39:12.633147+00:00,call_llm_with_tools_turn,openai,gpt-4o,2670.2,4000,0.0,,8,0,0,1952,298,2250,
protocol_isoxazole_des_full,24,2,2026-04-27T00:39:22.042340+00:00,call_llm_with_tools_turn,openai,gpt-4o,9408.94,4000,0.0,,0,0,0,2793,1438,4231,
protocol_isoxazole_des_full,24,2,2026-04-27T00:39:23.207631+00:00,call_llm_with_tools_turn,openai,gpt-4o,1165.06,4000,0.0,,2,0,0,1951,86,2037,
protocol_isoxazole_des_full,24,2,2026-04-27T00:39:33.712071+00:00,call_llm_with_tools_turn,openai,gpt-4o,10504.22,4000,0.0,,0,0,0,2180,1468,3648,
protocol_isoxazole_des_full,24,2,2026-04-27T00:39:36.247570+00:00,call_llm_with_tools_turn,openai,gpt-4o,2535.25,4000,0.0,,8,0,0,1951,296,2247,
protocol_isoxazole_des_full,24,2,2026-04-27T00:39:46.912368+00:00,call_llm_with_tools_turn,openai,gpt-4o,10664.53,4000,0.0,,0,0,0,2786,1460,4246,
protocol_isoxazole_des_full,24,2,2026-04-27T00:39:49.083233+00:00,call_llm_with_tools_turn,openai,gpt-4o,2170.61,4000,0.0,,8,0,0,1948,296,2244,
protocol_isoxazole_des_full,24,2,2026-04-27T00:40:01.293993+00:00,call_llm_with_tools_turn,openai,gpt-4o,12210.54,4000,0.0,,0,0,0,2783,1486,4269,
protocol_isoxazole_des_full,24,2,2026-04-27T00:40:04.044632+00:00,call_llm_with_tools_turn,openai,gpt-4o,2750.37,4000,0.0,,8,0,0,1948,298,2246,
protocol_isoxazole_des_full,24,2,2026-04-27T00:40:16.381569+00:00,call_llm_with_tools_turn,openai,gpt-4o,12336.68,4000,0.0,,0,0,0,2789,1482,4271,
protocol_isoxazole_des_full,24,2,2026-04-27T00:40:19.153163+00:00,call_llm_with_tools_turn,openai,gpt-4o,2771.36,4000,0.0,,8,0,0,1947,298,2245,
protocol_isoxazole_des_full,24,2,2026-04-27T00:40:31.154728+00:00,call_llm_with_tools_turn,openai,gpt-4o,12001.3,4000,0.0,,0,0,0,2788,1470,4258,
protocol_isoxazole_des_full,24,2,2026-04-27T00:40:38.781688+00:00,call_llm_with_tools_turn,openai,gpt-4o,7623.67,1600,0.0,,0,0,0,4007,832,4839,
protocol_isoxazole_des_full,24,2,2026-04-27T00:40:39.959198+00:00,call_llm,openai,gpt-4o,1176.57,700,0.0,,,0,0,1308,111,1419,318
protocol_isoxazole_des_full,24,2,2026-04-27T00:40:44.060309+00:00,call_llm,openai,gpt-4o,4100.71,800,0.0,,,0,0,589,384,973,1336
protocol_isoxazole_des_full,24,2,2026-04-27T00:41:06.366334+00:00,output_formatter,anthropic,claude-sonnet-4-20250514,22304.4,1500,0.0,,,75132,750,0,0,75882,2676
