filename,doi,title,year,doi_source
000942902777679984,10.2533/000942902777679984,Chemical Synthesis in Microreactors,,doi_merged.csv
03602559.2012.700359,10.1080/03602559.2012.700359,Synthesis of Poly(ϵ-caprolactone) Microreactors from Freeze-Dried Microspheres,,doi_merged.csv
1.2391316,10.1115/1.2391316,Solar Disinfection Kinetic Design Parameters for Continuous Flow Reactors,,doi_merged.csv
1.4719921,10.1063/1.4719921,Design of a continuous-flow reactor for <i>in situ</i> x-ray absorption spectroscopy of solids in supercritical fluids,,doi_merged.csv
1.5030984,10.1063/1.5030984,Continuous flow microreactor for protein PEGylation,,doi_merged.csv
1846.2017.00009,10.1556/1846.2017.00009,Forbidden Chemistries — Paths to a Sustainable Future Engaging Continuous Processing,,doi_merged.csv
Abiev - 2022 - Chemical and Biochemical Reactors for Controlled Synthesis of Organic and Inorganic Compounds,10.1134/s1070427222110015,Chemical and Biochemical Reactors for Controlled Synthesis of Organic and Inorganic Compounds,2022,miner_title_match
Abou-Hassan 등 - 2012 - Synthesis of cobalt ferrite nanoparticles in continuous-flow microreactors,10.1039/c2ra21799f,Synthesis of cobalt ferrite nanoparticles in continuous-flow microreactors,2012,miner_title_match
"Armstrong 등 - 2024 - Early-Stage Flow Process Development of a Key Intermediate toward PF-07265807, an AXL-MER Inhibitor",10.1021/acs.oprd.4c00112,"Early-Stage Flow Process Development of a Key Intermediate toward PF-07265807, an AXL-MER Inhibitor Oncology Candidate",2024,miner_title_match
Avila 등 - 2022 - Automated stopped-flow library synthesis for rapid optimisation and machine learning directed experi,10.1039/d2sc03016k,Automated stopped-flow library synthesis for rapid optimisation and machine learning directed experimentation,2022,miner_title_match
B710680G,10.1039/b710680g,Multichannel quench-flow microreactor chip for parallel reaction monitoring,,doi_merged.csv
Bagi 등 - 2021 - A continuous flow chemistry approach for the ultrafast and low-cost synthesis of MOF-808,10.1039/d1gc02824c,A continuous flow chemistry approach for the ultrafast and low-cost synthesis of MOF-808,2021,miner_title_match
Bateni 등 - 2024 - Smart Dope A Self-Driving Fluidic Lab for Accelerated Development of Doped Perovskite Quantum Dots,10.1002/aenm.202302303,Smart Dope: A Self‐Driving Fluidic Lab for Accelerated Development of Doped Perovskite Quantum Dots,2023,crossref_api
Besenhard 등 - 2023 - High temperature flow synthesis of iron oxide nanoparticles Size tuning via reactor engineering,10.1515/gps-2016-0138,Synthesis of iron oxide nanoparticles in a continuous flow spiral microreactor and Corning <sup>®</sup> advanced flow™ reactor,2017,miner_title_match
"Borukhova 등 - 2016 - From alcohol to 1,2,3-triazole via a multi-step continuous-flow synthesis of a rufinamide precursor",10.1039/c6gc01133k,"From alcohol to 1,2,3-triazole via a multi-step continuous-flow synthesis of a rufinamide precursor",2016,miner_title_match
Boyall 등 - 2024 - Palladium nanoparticle deposition on spherical carbon supports for heterogeneous catalysis in contin,10.1039/d3cy01718d,Palladium nanoparticle deposition on spherical carbon supports for heterogeneous catalysis in continuous flow,2024,miner_title_match
Britton 등 - 2015 - Rapid Vortex Fluidics Continuous Flow Synthesis of Amides and Local Anesthetic Lidocaine,10.2174/0115701786313379240815113722,Continuous Flow Synthesis of Amides in Bio-Derived Solvent GVL,2024,miner_title_match
C0GC00655F,10.1039/c0gc00655f,Applying a continuous capillary-based process to the synthesis of 3-chloro-2-hydroxypropyl pivaloate,,doi_merged.csv
C3GC40407B,10.1039/c3gc40407b,Multistep synthesis of amides from alcohols and amines in continuous flow microreactor systems using oxygen and urea hydrogen peroxide as oxidants,,doi_merged.csv
C5RA20838F,10.1039/c5ra20838f,A two-step continuous flow synthesis of amides from alcohol using a metal-free catalyst,,doi_merged.csv
C5RE00038F,10.1039/c5re00038f,Online monitoring and analysis for autonomous continuous flow self-optimizing reactor systems,,doi_merged.csv
C6CC06427B,10.1039/c6cc06427b,A MOF-membrane based on the covalent bonding driven assembly of a NMOF with an organic oligomer and its application in membrane reactors,,doi_merged.csv
C7TA05534J,10.1039/c7ta05534j,A nanoporous graphene analog for superfast heavy metal removal and continuous-flow visible-light photoredox catalysis,,doi_merged.csv
Campaña 등 - 2020 - Fabrication and Characterization of a Low-Cost Microfluidic System for the Manufacture of Alginate–L,10.1007/s43630-024-00544-3,Fabrication and characterization of microporous soft templated photoactive 3D materials for water disinfection in batch and continuous flow,2024,miner_title_match
Cao 등 - 2022 - On the performance of liquid-liquid Taylor flow electrochemistry in a microreactor – A CFD study,10.1016/j.cej.2021.131443,On the performance of liquid-liquid Taylor flow electrochemistry in a microreactor – A CFD study,2021,miner_title_match
Chaudhary 등 - 2024 - Sustainable and Advanced LED-Implanted Microfluidic Photoreactor with Coupled Optical Fiber Enabling,10.1021/acsomega.4c04836,Sustainable and Advanced LED-Implanted Microfluidic Photoreactor with Coupled Optical Fiber Enabling Efficient Photocatalytic Synthesis Beside Online Reaction Progress Monitoring,2024,miner_title_match
Chen 등 - 2022 - Addressing the quantitative conversion bottleneck in single-atom catalysis,10.1038/s41467-022-30551-w,Addressing the quantitative conversion bottleneck in single-atom catalysis,2022,miner_title_match
Ciemięga 등 - 2024 - Bifunctionalised acid-base hierarchically structured monolithic microreactor for continuous-flow tan,10.1038/s41598-024-77146-7,Bifunctionalised acid-base hierarchically structured monolithic microreactor for continuous-flow tandem catalytic process of cyanocinnamate synthesis,2024,miner_title_match
Feng 등 - 2025 - Typical Cases of Continuous Flow Chemistry in Pharmaceutical Synthesis in 2023–2024,10.1002/ajoc.202500132,Typical Cases of Continuous Flow Chemistry in Pharmaceutical Synthesis in 2023–2024,2025,miner_title_match
Fischer 등 - 2000 - The reaction kinetics of dimethyl ether. I High-temperature pyrolysis and oxidation in flow reactor,10.1002/1097-4601(2000)32:12<713::aid-kin1>3.0.co;2-9,The reaction kinetics of dimethyl ether. I: High-temperature pyrolysis and oxidation in flow reactors,2000,miner_title_match
Frontiers  Continuous Hydrogenation Triphasic System Optimization at Kilo Lab Scale Using a Slurry,10.3389/fceng.2021.701910,Continuous Hydrogenation: Triphasic System Optimization at Kilo Lab Scale Using a Slurry Solution,2021,crossref_api
Frontiers  Process intensification in continuous flow organic synthesis with enabling and hybrid te,10.1002/asia.201000010,Continuous Flow Organic Synthesis under High‐Temperature/Pressure Conditions,2010,miner_title_match
Frontiers  Sustainable synthesis of L-phenylalanine derivatives in continuous flow by immobilized p,10.3389/fctls.2023.1147205,Sustainable synthesis of L-phenylalanine derivatives in continuous flow by immobilized phenylalanine ammonia lyase,2023,miner_title_match
"Gao 등 - 2023 - Plasma-Activated Mist Continuous-Flow, Scalable Nitrogen Fixation, and Aeroponics",10.1021/acssuschemeng.2c07324,"Plasma-Activated Mist: Continuous-Flow, Scalable Nitrogen Fixation, and Aeroponics",2023,crossref_api
"Gaudino 등 - 2018 - Sonochemical preparation of alumina-spheres loaded with Pd nanoparticles for 2-butyne-1,4-diol semi-",10.1039/c8ra00331a,"Sonochemical preparation of alumina-spheres loaded with Pd nanoparticles for 2-butyne-1,4-diol semi-hydrogenation in a continuous flow microwave reactor",2018,miner_title_match
Gloge 등 - 2000 - Phenylalanine Ammonia-Lyase The Use of Its Broad Substrate Specificity for Mechanistic Investigatio,10.1002/1521-3765(20000915)6:18<3386::aid-chem3386>3.0.co;2-5,Phenylalanine Ammonia-Lyase: The Use of Its Broad Substrate Specificity for Mechanistic Investigations and Biocatalysis—Synthesis ofL-Arylalanines,2000,crossref_api
Griffiths 등 - 2023 - MOF-based heterogeneous catalysis in continuous flow via incorporation onto polymer-based spherical,10.1039/d3nr03634k,MOF-based heterogeneous catalysis in continuous flow <i>via</i> incorporation onto polymer-based spherical activated carbon supports,2023,miner_title_match
"Groves 등 - 2020 - High Throughput Synthesis and Screening of Oxygen Reduction Catalysts in the MTiO3 (M = Ca, Sr, Ba)",10.1021/acscombsci.0c00094.s001,"High Throughput Synthesis and Screening of Oxygen Reduction Catalysts in the MTiO3 (M = Ca, Sr, Ba) Perovskite Phase Diagram",,crossref_api
Gustafsson 등 - 2008 - Trimethylaluminium mediated amide bond formation in a continuous flow microreactor as key to the syn,10.1039/b719603b,Trimethylaluminium mediated amide bond formation in a continuous flow microreactor as key to the synthesis of rimonabant and efaproxiral,2008,miner_title_match
Gutiérrez López 등 - 2023 - Electric field–assisted anion-π catalysis on carbon nanotubes in electrochemical microfluidic device,10.1126/sciadv.adj5502,Electric field–assisted anion-π catalysis on carbon nanotubes in electrochemical microfluidic devices,2023,miner_title_match
Harper 등 - 2022 - Commercial-Scale Visible Light Trifluoromethylation of 2-Chlorothiophenol Using CF3I Gas,10.1021/acs.oprd.1c00436,Commercial-Scale Visible Light Trifluoromethylation of 2-Chlorothiophenol Using CF <sub>3</sub> I Gas,2022,miner_title_match
He 등 - 2023 - Effect of stabilizer EDTA on the thermal hazard of green synthesis process of adipic acid and develo,10.48130/emst-2023-0022,Effect of stabilizer EDTA on the thermal hazard of green synthesis process of adipic acid and development of microchannel continuous flow process,2023,miner_title_match
Hsieh 등 - 2024 - A Continuous Process for Manufacturing Apremilast. Part I Process Development and Intensification b,10.1021/acs.oprd.3c00400,A Continuous Process for Manufacturing Apremilast. Part I: Process Development and Intensification by Utilizing Flow Chemistry Principles,2024,miner_title_match
Hsu 등 - 2022 - Heterogeneous metallaphotoredox catalysis in a continuous-flow packed-bed reactor,10.3762/bjoc.18.115,Heterogeneous metallaphotoredox catalysis in a continuous-flow packed-bed reactor,2022,miner_title_match
Illg 등 - 2012 - Orifice microreactor for the production of an organic peroxide – non-reactive and reactive character,10.1039/c2gc35043b,Orifice microreactor for the production of an organic peroxide – non-reactive and reactive characterization,2012,miner_title_match
Ince 등 - 2025 - Sustainability and Techno-Economic Assessment of Batch and Flow Chemistry in Seven Industrial Pharma,10.1021/acssuschemeng.4c09289,Sustainability and Techno-Economic Assessment of Batch and Flow Chemistry in Seven Industrial Pharmaceutical Processes,2025,miner_title_match
Ishitani 등 - 2023 - Liquid-phase Catalytic Continuous-Flow Aromatic Nitration Reactions with Conc. HNO3 on Modified Mixe,10.1021/acssuschemeng.2c04616,Liquid-phase Catalytic Continuous-Flow Aromatic Nitration Reactions with Conc. HNO<sub>3</sub> on Modified Mixed-Metal Oxide Composites as High-Yielding Solid Acid Catalysts,2023,miner_title_match
Kang 등 - 2026 - Fully automated and high-fidelity robotic platform enabling accelerated discovery of nanocatalysts,10.1039/d5sc06192j,Fully automated and high-fidelity robotic platform enabling accelerated discovery of nanocatalysts,2026,crossref_api
Karadaghi 등 - 2022 - Throughput Optimization of Molybdenum Carbide Nanoparticle Catalysts in a Continuous Flow Reactor Us,10.1021/acsanm.1c02916,Throughput Optimization of Molybdenum Carbide Nanoparticle Catalysts in a Continuous Flow Reactor Using Design of Experiments,2022,miner_title_match
Kershaw 등 - 2023 - Machine learning directed multi-objective optimization of mixed variable chemical systems,10.1016/j.cej.2022.138443,Machine learning directed multi-objective optimization of mixed variable chemical systems,2022,miner_title_match
Kim 등 - 2013 - High-rate synthesis of Cu–BTC metal–organic frameworks,10.1039/c3cc46049e,High-rate synthesis of Cu–BTC metal–organic frameworks,2013,miner_title_match
Kim 등 - 2014 - A monolithic and flexible fluoropolymer film microreactor for organic synthesis applications,10.1039/c4lc00748d,A monolithic and flexible fluoropolymer film microreactor for organic synthesis applications,2014,miner_title_match
Kohns 등 - 2018 - Hierarchical silica monoliths with submicron macropores as continuous-flow microreactors for reactio,10.1039/c8re00037a,Hierarchical silica monoliths with submicron macropores as continuous-flow microreactors for reaction kinetic and mechanistic studies in heterogeneous catalysis,2018,miner_title_match
Lehmann 등 - 2022 - Scale-Up of Diazonium Salts and Azides in a Three-Step Continuous Flow Sequence,10.1021/acs.oprd.2c00016,Scale-Up of Diazonium Salts and Azides in a Three-Step Continuous Flow Sequence,2022,miner_title_match
Let 등 - 2023 - Organic porous heterogeneous composite with antagonistic catalytic sites as a cascade catalyst for c,10.1039/d3sc03525e,Organic porous heterogeneous composite with antagonistic catalytic sites as a cascade catalyst for continuous flow reaction,2023,miner_title_match
Li 등 - 2024 - De novo construction of amine-functionalized metal-organic cages as heterogenous catalysts for micro,10.1038/s41467-024-51431-5,De novo construction of amine-functionalized metal-organic cages as heterogenous catalysts for microflow catalysis,2024,miner_title_match
Liu 등 - 2013 - Parallel array of nanochannels grafted with polymer-brushes-stabilized Au nanoparticles for flow-thr,10.1039/c3nr03901c,Parallel array of nanochannels grafted with polymer-brushes-stabilized Au nanoparticles for flow-through catalysis,2013,miner_title_match
Loren 등 - 2017 - Mass spectrometric directed system for the continuous-flow synthesis and purification of diphenhydra,10.1039/c7sc00905d,Mass spectrometric directed system for the continuous-flow synthesis and purification of diphenhydramine,2017,miner_title_match
Ma 등 - 2024 - Protocell Flow Reactors for Enzyme and Whole-Cell Mediated Biocatalysis,10.1002/adma.202404607,Protocell Flow Reactors for Enzyme and Whole‐Cell Mediated Biocatalysis,2024,miner_title_match
Mahajan 등 - 2019 - Micro-electro-flow reactor (μ-EFR) system for ultra-fast arene synthesis and manufacture of daclatas,10.1039/c9cc06127d,Micro-electro-flow reactor (μ-EFR) system for ultra-fast arene synthesis and manufacture of daclatasvir,2019,miner_title_match
Maresz 등 - 2023 - A Continuous-Flow Microreactor for Knoevenagel Condensation of Ethyl Cyanoacetate with Benzaldehyde,10.1002/cplu.202200390,A Continuous‐Flow Microreactor for Knoevenagel Condensation of Ethyl Cyanoacetate with Benzaldehyde: The Effect of Grafted Amino Groups on Catalytic Activity,2023,crossref_api
Martins 등 - 2024 - Continuous flow reactions in the preparation of active pharmaceutical ingredients and fine chemicals,10.1039/d4cc00418c,Continuous flow reactions in the preparation of active pharmaceutical ingredients and fine chemicals,2024,miner_title_match
Masson 등 - 2022 - Fixed Bed Continuous Hydrogenations in Trickle Flow Mode A Pharmaceutical Industry Perspective,10.1021/acs.oprd.2c00034,Fixed Bed Continuous Hydrogenations in Trickle Flow Mode: A Pharmaceutical Industry Perspective,2022,miner_title_match
Masson 등 - 2024 - Open-source 3D printed reactors for reproducible batch and continuous-flow photon-induced chemistry,10.1039/d4re00081a,Open-source 3D printed reactors for reproducible batch and continuous-flow photon-induced chemistry: design and characterization,2024,miner_title_match
Matcha 등 - 2024 - Exploratory Process Development of a High-Temperature Thermal (3 + 2) Cycloaddition in Continuous Fl,10.1021/acs.oprd.3c00113,Exploratory Process Development of a High-Temperature Thermal (3 + 2) Cycloaddition in Continuous Flow for the Synthesis of Seltorexant,2023,miner_title_match
Mattera 등 - 2024 - “On-The-Fly” Synthesis of Self-Supported LDH Hollow Structures Through Controlled Microfluidic React,10.26434/chemrxiv-2023-151jq,"""On-the-fly"" synthesis of self-supported LDH hollow structures through controlled microfluidic reaction-diffusion conditions",2023,crossref_api
McCormack 및 Stephens - 2024 - The continuous flow synthesis of azos,10.1039/b924309g,"The continuous flow synthesis of butane-2,3-diacetal protected building blocks using microreactors",2010,miner_title_match
Montaner 등 - 2023 - Digitisation of a modular plug and play 3D printed continuous flow system for chemical synthesis,10.1039/d3dd00128h,Digitisation of a modular plug and play 3D printed continuous flow system for chemical synthesis,2023,miner_title_match
Nakahara 등 - 2022 - Antibody–Drug Conjugate Synthesis Using Continuous Flow Microreactor Technology,10.1021/acs.oprd.2c00217,Antibody–Drug Conjugate Synthesis Using Continuous Flow Microreactor Technology,2022,miner_title_match
"Naughton 등 - 2015 - High temperature continuous flow synthesis of CdSeCdSZnS, CdSZnS, and CdSeSZnS nanocrystals",10.1039/c5nr04510j,"High temperature continuous flow synthesis of CdSe/CdS/ZnS, CdS/ZnS, and CdSeS/ZnS nanocrystals",2015,miner_title_match
Nguyen 등 - 2025 - Cognitively Driven Autonomous Flow Chemistry for Producing On-Demand Perovskite Quantum Dots Via Adv,10.1002/smtd.202400094,Cognitively Driven Autonomous Flow Chemistry for Producing On‐Demand Perovskite Quantum Dots Via Advanced Closed‐Loop Feedback Control,2024,miner_title_match
Obermayer 등 - 2013 - Nanocatalysis in continuous flow supported iron oxide nanoparticles for the heterogeneous aerobic o,10.1039/c3gc40307f,Nanocatalysis in continuous flow: supported iron oxide nanoparticles for the heterogeneous aerobic oxidation of benzyl alcohol,2013,miner_title_match
Poletti 등 - 2024 - A Telescoped Photo-Organo-Catalyzed Cross Dehydrogenative Coupling (CDC) between Glycine Derivative,10.1021/acssuschemeng.4c05931.s001,A Telescoped Photo-/Organo-Catalyzed Cross Dehydrogenative Coupling (CDC) between Glycine Derivatives and Ketones to Afford Nonproteinogenic Amino Acids (NPAAs) Enabled by Heterogeneous Continuous Flow Catalysis,,crossref_api
Puglisi 등 - 2021 - In-flow enantioselective homogeneous organic synthesis,10.1515/gps-2021-0073,In-flow enantioselective homogeneous organic synthesis,2021,miner_title_match
Reif 등 - 2022 - Liquid phase aromatization of bio-based ketones over a stable solid acid catalyst under batch and co,10.1016/j.catcom.2022.106402,Liquid phase aromatization of bio-based ketones over a stable solid acid catalyst under batch and continuous flow conditions,2022,miner_title_match
Reizman 등 - 2016 - Suzuki–Miyaura cross-coupling optimization enabled by automated feedback,10.1039/c6re00153j,Suzuki–Miyaura cross-coupling optimization enabled by automated feedback,2016,miner_title_match
Ren 등 - 2014 - A pressure-tolerant polymer microfluidic device fabricated by the simultaneous solidification-bondin,10.1039/c4lc00560k,A pressure-tolerant polymer microfluidic device fabricated by the simultaneous solidification-bonding method and flash chemistry application,2014,miner_title_match
Reus 등 - 2024 - Advances in cofactor immobilization for enhanced continuous-flow biocatalysis,10.1007/s41981-024-00315-2,Advances in cofactor immobilization for enhanced continuous-flow biocatalysis,2024,miner_title_match
Su Kim 등 - 2007 - Large-scale production of single-walled carbon nanotubes by induction thermal plasma,10.1088/0022-3727/40/8/s17,Large-scale production of single-walled carbon nanotubes by induction thermal plasma,2007,miner_title_match
Sumpter 등 - 2023 - Autonomous continuous flow reactor synthesis for scalable atom-precision,10.1016/j.cartre.2022.100234,Autonomous continuous flow reactor synthesis for scalable atom-precision,2022,miner_title_match
Supajaruwong 등 - 2023 - Scaling-up of carbon dots hydrothermal synthesis from sugars in a continuous flow microreactor syste,10.1080/14686996.2023.2260298,Scaling-up of carbon dots hydrothermal synthesis from sugars in a continuous flow microreactor system for biomedical application as <i>in vitro</i> antimicrobial drug nanocarrier,2023,miner_title_match
Suwanpitak 등 - 2024 - Optimization of Lipid-Based Nanoparticles Formulation Loaded with Biological Product Using A Novel D,10.2147/ijn.s474775,Optimization of Lipid-Based Nanoparticles Formulation Loaded with Biological Product Using A Novel Design Vortex Tube Reactor via Flow Chemistry,2024,miner_title_match
Synthesis of Curcumin Derivatives via Knoevenagel Reaction Within a Continuously Driven Microfluidic,10.3390/gels11040278,Synthesis of Curcumin Derivatives via Knoevenagel Reaction Within a Continuously Driven Microfluidic Reactor Using Polymeric Networks Containing Piperidine as a Catalyst,2025,miner_title_match
Tofighi 등 - 2022 - Continuous synthesis of CuZnOAl2O3 nanoparticles in a co-precipitation reaction using a silicon ba,10.1039/d1re00499a,Continuous synthesis of Cu/ZnO/Al<sub>2</sub>O<sub>3</sub> nanoparticles in a co-precipitation reaction using a silicon based microfluidic reactor,2022,crossref_api
Trunschke - 2022 - Prospects and challenges for autonomous catalyst discovery viewed from an experimental perspective,10.1039/d2cy00275b,Prospects and challenges for autonomous catalyst discovery viewed from an experimental perspective,2022,crossref_api
Wan 등 - 2022 - Flow chemistry in the multi-step synthesis of natural products,10.1016/j.gresc.2022.07.007,Flow chemistry in the multi-step synthesis of natural products,2022,miner_title_match
Webb 및 Jamison - 2010 - Continuous flow multi-step organic synthesis,10.1039/c0sc00381f,Continuous flow multi-step organic synthesis,2010,miner_title_match
Wietelmann 등 - 2022 - Continuous Processing of Concentrated Organolithiums in Flow Using Static and Dynamic Spinning Disc,10.1021/acs.oprd.2c00007,Continuous Processing of Concentrated Organolithiums in Flow Using Static and Dynamic Spinning Disc Reactor Technologies,2022,miner_title_match
Wu 등 - 2021 - A three-tiered colloidosomal microreactor for continuous flow catalysis,10.1038/s41467-021-26381-x,A three-tiered colloidosomal microreactor for continuous flow catalysis,2021,miner_title_match
Xu 등 - 2023 - Highly enantioselective synthesis of both tetrahydroquinoxalines and dihydroquinoxalinones via Rh–th,10.1039/d3sc00803g,Highly enantioselective synthesis of both tetrahydroquinoxalines and dihydroquinoxalinones<i>via</i>Rh–thiourea catalyzed asymmetric hydrogenation,2023,miner_title_match
"Yalamanchili 등 - 2021 - Automated, Multistep Continuous-Flow Synthesis of 2,6-Dideoxy and 3-Amino-2,3,6-trideoxy Monosacchar",10.1002/anie.202109887,"Automated, Multistep Continuous‐Flow Synthesis of 2,6‐Dideoxy and 3‐Amino‐2,3,6‐trideoxy Monosaccharide Building Blocks",2021,miner_title_match
Yang 등 - 2023 - Fundamental and Development of Microreaction Technology for the Application of Fine Chemicals Synthe,10.1080/00219592.2023.2197011,Fundamental and Development of Microreaction Technology for the Application of Fine Chemicals Synthesis,2023,miner_title_match
Yang 등 - 2023 - Surface-Immobilized ZnNx Sites as High-Performance Catalysts for Continuous Flow Knoevenagel Condens,10.1021/acsami.3c14181.s001,Surface-Immobilized ZnNx Sites as High-Performance Catalysts for Continuous Flow Knoevenagel Condensation in Water,,crossref_api
"Yang 등 - 2024 - Safety Guided Process Development and Scale-Up of the Highly Energetic Compound 4-Methyl-1,2,5-oxadi",10.1021/acs.oprd.4c00137,"Safety Guided Process Development and Scale-Up of the Highly Energetic Compound 4-Methyl-1,2,5-oxadiazole-3-carboxylic Acid",2024,miner_title_match
Zhu 등 - 2019 - Microfluidic immobilized enzyme reactors for continuous biocatalysis,10.1039/c9re00217k,Microfluidic immobilized enzyme reactors for continuous biocatalysis,2019,miner_title_match
_cost_log,,_cost_log,,filename_only
a-1541-1761,10.1055/a-1541-1761,Evaluating the Green Credentials of Flow Chemistry towards Industrial Applications,,doi_merged.csv
ac800855u,10.1021/ac800855u,Organic Synthesis in Soft Wall-Free Microreactors: Real-Time Monitoring of Fluorogenic Reactions,,doi_merged.csv
acp-16-4283-2016,10.5194/acp-16-4283-2016,Non-OH chemistry in oxidation flow reactors for the study of atmospheric chemistry systematically examined by modeling,,doi_merged.csv
acs.accounts.0c00199,10.1021/acs.accounts.0c00199,The Concept of Chemical Generators: On-Site On-Demand Production of Hazardous Reagents in Continuous Flow,,doi_merged.csv
acs.accounts.9b00497,10.1021/acs.accounts.9b00497,Electroorganic Synthesis under Flow Conditions,,doi_merged.csv
acs.cgd.5b01231,10.1021/acs.cgd.5b01231,Novel Technique for Filtration Avoidance in Continuous Crystallization,,doi_merged.csv
acs.iecr.0c01650,10.1021/acs.iecr.0c01650,Operation and Optimization of Microwave-Heated Continuous-Flow Microfluidics,,doi_merged.csv
acs.iecr.8b02367,10.1021/acs.iecr.8b02367,Toward the Efficient Synthesis of Pseudoionone from Citral in a Continuous-Flow Microreactor,,doi_merged.csv
acs.iecr.9b01906,10.1021/acs.iecr.9b01906,A Novel and Efficient Continuous-Flow Route To Prepare Trifluoromethylated <i>N</i>-Fused Heterocycles for Drug Discovery and Pharmaceutical Manufacturing,,doi_merged.csv
acs.iecr.9b03045,10.1021/acs.iecr.9b03045,Continuous-Flow Synthesis of Pigment Red 146 in a Microreactor System,,doi_merged.csv
acs.joc.1c01151,10.1021/acs.joc.1c01151,Expanding the Tool Kit of Automated Flow Synthesis: Development of In-line Flash Chromatography Purification,,doi_merged.csv
acs.joc.1c01270,10.1021/acs.joc.1c01270,Continuous Flow Synthesis of α-Trifluoromethylthiolated Esters and Amides from Carboxylic Acids: a Telescoped Approach,,doi_merged.csv
acs.joc.6b02520,10.1021/acs.joc.6b02520,Synthesis of Fused Pyrimidinone and Quinolone Derivatives in an Automated High-Temperature and High-Pressure Flow Reactor,,doi_merged.csv
acs.macromol.5b02533,10.1021/acs.macromol.5b02533,Clickable Polylactic Acids by Fast Organocatalytic Ring-Opening Polymerization in Continuous Flow,,doi_merged.csv
acs.macromol.9b00454,10.1021/acs.macromol.9b00454,The Influence of Residence Time Distribution on Continuous-Flow Polymerization,,doi_merged.csv
acs.macromol.9b02207,10.1021/acs.macromol.9b02207,High-Throughput Process for the Discovery of Antimicrobial Polymers and Their Upscaled Production via Flow Polymerization,,doi_merged.csv
acs.oprd.0c00148,10.1021/acs.oprd.0c00148,Design and Characterization of a Scaled-up Ultrasonic Flow Reactor,,doi_merged.csv
acs.oprd.0c00167,10.1021/acs.oprd.0c00167,Preparation of Mono- and Diisocyanates in Flow from Renewable Carboxylic Acids,,doi_merged.csv
acs.oprd.0c00228,10.1021/acs.oprd.0c00228,3D Printed Reactors for Synthesis of Active Pharmaceutical Ingredients in Continuous Flow,,doi_merged.csv
acs.oprd.0c00289,10.1021/acs.oprd.0c00289,"Use of High-Throughput Tools for Telescoped Continuous Flow Synthesis of an Alkynylnaphthyridine Anticancer Agent, HSN608",,doi_merged.csv
acs.oprd.5b00350,10.1021/acs.oprd.5b00350,"A Continuous Process for Buchwald–Hartwig Amination at Micro-, Lab-, and Mesoscale Using a Novel Reactor Concept",,doi_merged.csv
acs.oprd.6b00143,10.1021/acs.oprd.6b00143,Enabling the Scale-Up of a Key Asymmetric Hydrogenation Step in the Synthesis of an API Using Continuous Flow Solid-Supported Catalysis,,doi_merged.csv
acs.oprd.6b00292,10.1021/acs.oprd.6b00292,"Handling Hazards Using Continuous Flow Chemistry: Synthesis of <i>N</i><sup>1</sup>-Aryl-[1,2,3]-triazoles from Anilines via Telescoped Three-Step Diazotization, Azidodediazotization, and [3 + 2] Dipolar Cycloaddition Processes",,doi_merged.csv
acs.oprd.6b00386,10.1021/acs.oprd.6b00386,"Process Modeling, Simulation, and Technoeconomic Evaluation of Separation Solvents for the Continuous Pharmaceutical Manufacturing (CPM) of Diphenhydramine",,doi_merged.csv
acs.oprd.7b00063,10.1021/acs.oprd.7b00063,Continuous Flow Synthesis under High-Temperature/High-Pressure Conditions Using a Resistively Heated Flow Reactor,,doi_merged.csv
acs.oprd.8b00095,10.1021/acs.oprd.8b00095,A Convergent Continuous Multistep Process for the Preparation of C<sub>4</sub>-Oxime-Substituted Thiazoles,,doi_merged.csv
acs.oprd.8b00237,10.1021/acs.oprd.8b00237,Evaluating the Impact of a Decade of Funding from the Green Chemistry Institute Pharmaceutical Roundtable,,doi_merged.csv
acs.oprd.8b00305,10.1021/acs.oprd.8b00305,Biocatalysis Using Immobilized Enzymes in Continuous Flow for the Synthesis of Fine Chemicals,,doi_merged.csv
acs.oprd.8b00442,10.1021/acs.oprd.8b00442,Small-Volume Continuous Manufacturing of Merestinib. Part 2. Technology Transfer and cGMP Manufacturing,,doi_merged.csv
acs.oprd.9b00044,10.1021/acs.oprd.9b00044,Batch and Continuous Flow Production of 5-Hydroxymethylfurfural from a High Concentration of Fructose Using an Acidic Ion Exchange Catalyst,,doi_merged.csv
acs.oprd.9b00416,10.1021/acs.oprd.9b00416,Continuous Hydrogenolysis of <i>N</i>-Diphenylmethyl Groups in a Micropacked-Bed Reactor,,doi_merged.csv
acs.oprd.9b00499,10.1021/acs.oprd.9b00499,Continuous Flow Conditions for High Temperature Formation of a Benzodioxan Pharmaceutical Intermediate: Rapid Scaleup for Early Phase Material Delivery,,doi_merged.csv
acs.orglett.6b01681,10.1021/acs.orglett.6b01681,Flow Chemistry on Multigram Scale: Continuous Synthesis of Boronic Acids within 1 s,,doi_merged.csv
acs.orglett.6b03753,10.1021/acs.orglett.6b03753,Dichloromethyllithium: Synthesis and Application in Continuous Flow Mode,,doi_merged.csv
acsami.5b05100,10.1021/acsami.5b05100,Synthesis of Monodisperse Chitosan Nanoparticles and in Situ Drug Loading Using Active Microreactor,,doi_merged.csv
acsami.7b02580,10.1021/acsami.7b02580,Synthesis and Enhanced Corrosion Protection Performance of Reduced Graphene Oxide Nanosheet/ZnAl Layered Double Hydroxide Composite Films by Hydrothermal Continuous Flow Method,,doi_merged.csv
acsami.7b02580 - Copy,10.1002/9781119208105,Copy Copy Copy,2012,crossref_api
acsami.8b04022,10.1021/acsami.8b04022,Pd NP-Loaded and Covalently Cross-Linked COF Membrane Microreactor for Aqueous CBs Dechlorination at Room Temperature,,doi_merged.csv
acscentsci.1c00303,10.1021/acscentsci.1c00303,Rapid Optimization of Photoredox Reactions for Continuous-Flow Systems Using Microscale Batch Technology,,doi_merged.csv
acscombsci.9b00212,10.1021/acscombsci.9b00212,High-Throughput Experimentation and Continuous Flow Evaluation of Nucleophilic Aromatic Substitution Reactions,,doi_merged.csv
acssuschemeng.1c02557,10.1021/acssuschemeng.1c02557,Development of a ZnO Nanowire Continuous Flow Microreactor with β-Glucosidase Activity: Characterization and Application for the Glycosylation of Natural Products,,doi_merged.csv
acssuschemeng.5b00397,10.1021/acssuschemeng.5b00397,Continuous Flow Metathesis for Direct Valorization of Food Waste: An Example of Cocoa Butter Triglyceride,,doi_merged.csv
acssuschemeng.5b01541,10.1021/acssuschemeng.5b01541,"A General, Green Chemistry Approach for Immobilization of Inorganic Catalysts in Monolithic Porous Flow-Reactors",,doi_merged.csv
acssuschemeng.7b04012,10.1021/acssuschemeng.7b04012,Real-Time Spectroscopic Analysis Enabling Quantitative and Safe Consumption of Fluoroform during Nucleophilic Trifluoromethylation in Flow,,doi_merged.csv
acssuschemeng.9b05954,10.1021/acssuschemeng.9b05954,Continuous Flow Synthesis of Methyl Oximino Acetoacetate: Accessing Greener Purification Methods with Inline Liquid–Liquid Extraction and Membrane Separation Technology,,doi_merged.csv
adsc.200900726,10.1002/adsc.200900726,Mechanistic Insights into Copper(I)‐Catalyzed Azide‐Alkyne Cycloadditions using Continuous Flow Conditions,,doi_merged.csv
adsc.201000375,10.1002/adsc.201000375,"2‐<i>tert</i>‐Butylimino‐2‐diethylamino‐1,3‐dimethylperhydro‐1,3,2‐ diazaphosphorine Supported on Polystyrene (PS‐BEMP) as an Efficient Recoverable and Reusable Catalyst for the Phenolysis of Epoxides under Solvent‐Free Conditions",,doi_merged.csv
adsc.201401010,10.1002/adsc.201401010,Metal‐Free Photocatalytic Aerobic Oxidation of Thiols to Disulfides in Batch and Continuous‐Flow,,doi_merged.csv
aic.16840,10.1002/aic.16840,Flow‐based reactor design for the continuous production of polymeric nanoparticles,,doi_merged.csv
ajoc.201402119,10.1002/ajoc.201402119,Continuous Flow and Microwave‐Assisted Vorbrüggen Glycosylations: Historical Perspective to High‐Throughput Strategies,,doi_merged.csv
amp2.10043,10.1002/amp2.10043,Life cycle assessment and cost evaluation of emerging technologies at early stages: The case of continuous flow synthesis of Rufinamide,,doi_merged.csv
amp2.10047,10.1002/amp2.10047,First generation of translucent monoliths for photochemical applications,,doi_merged.csv
amt-4-445-2011,10.5194/amt-4-445-2011,"Characterization of aerosol photooxidation flow reactors: heterogeneous oxidation, secondary organic aerosol formation and cloud condensation nuclei activity measurements",,doi_merged.csv
amt-8-4863-2015,10.5194/amt-8-4863-2015,HO <sub>x</sub> radical chemistry in oxidation flow reactors with low-pressure mercury lamps systematically examined by modeling,,doi_merged.csv
ange.200500792,10.1002/ange.200500792,A Microfabricated Gas–Liquid Segmented Flow Reactor for High‐Temperature Synthesis: The Case of CdSe Quantum Dots,,doi_merged.csv
ange.201006272,10.1002/ange.201006272,Safe and Efficient Tetrazole Synthesis in a Continuous‐Flow Microreactor,,doi_merged.csv
ange.201607795,10.1002/ange.201607795,Continuous Consecutive Reactions with Inter‐Reaction Solvent Exchange by Membrane Separation,,doi_merged.csv
ange.201703852,10.1002/ange.201703852,Continuous Synthesis and Purification by Coupling a Multistep Flow Reaction with Centrifugal Partition Chromatography,,doi_merged.csv
ange.201704529,10.1002/ange.201704529,A Unified Continuous Flow Assembly‐Line Synthesis of Highly Substituted Pyrazoles and Pyrazolines,,doi_merged.csv
anie.200701434,10.1002/anie.200701434,Multistep Continuous‐Flow Microchemical Synthesis Involving Multiple Reactions and Separations,,doi_merged.csv
anie.200904285,10.1002/anie.200904285,Microfluidics in Inorganic Chemistry,,doi_merged.csv
anie.201002490,10.1002/anie.201002490,A Microchemical System with Continuous Recovery and Recirculation of Catalyst‐Immobilized Magnetic Particles,,doi_merged.csv
anie.201006272,10.1002/anie.201006272,Safe and Efficient Tetrazole Synthesis in a Continuous‐Flow Microreactor,,doi_merged.csv
anie.201006412,10.1002/anie.201006412,Investigation of Indium Phosphide Nanocrystal Synthesis Using a High‐Temperature and High‐Pressure Continuous Flow Microreactor,,doi_merged.csv
anie.201006412 (1),10.1093/benz/9780199773787.article.b00005362,Anie-Mouroux,2011,crossref_api
anie.201202795,10.1002/anie.201202795,Continuous Synthesis and Purification by Direct Coupling of a Flow Reactor with Simulated Moving‐Bed Chromatography,,doi_merged.csv
anie.201302239,10.1002/anie.201302239,Heating under High‐Frequency Inductive Conditions: Application to the Continuous Synthesis of the Neurolepticum Olanzapine (Zyprexa),,doi_merged.csv
anie.201410717,10.1002/anie.201410717,Reactions of Difunctional Electrophiles with Functionalized Aryllithium Compounds: Remarkable Chemoselectivity by Flash Chemistry,,doi_merged.csv
anie.201703852,10.1002/anie.201703852,Continuous Synthesis and Purification by Coupling a Multistep Flow Reaction with Centrifugal Partition Chromatography,,doi_merged.csv
anie.201704529,10.1002/anie.201704529,A Unified Continuous Flow Assembly‐Line Synthesis of Highly Substituted Pyrazoles and Pyrazolines,,doi_merged.csv
anie.201711072,10.1002/anie.201711072,On‐Demand Production of Flow‐Reactor Cartridges by 3D Printing of Thermostable Enzymes,,doi_merged.csv
anie.201712568,10.1002/anie.201712568,Continuous Heterogeneous Photocatalysis in Serial Micro‐Batch Reactors,,doi_merged.csv
anie.201802256,10.1002/anie.201802256,7‐Step Flow Synthesis of the HIV Integrase Inhibitor Dolutegravir,,doi_merged.csv
anie.201910828,10.1002/anie.201910828,Dimethyl Dihydroacridines as Photocatalysts in Organocatalyzed Atom Transfer Radical Polymerization of Acrylate Monomers,,doi_merged.csv
anie.201912419,10.1002/anie.201912419,A Novel Approach to Functionalization of Aryl Azides through the Generation and Reaction of Organolithium Species Bearing Masked Azides in Flow Microreactors,,doi_merged.csv
asia.200900705,10.1002/asia.200900705,Flash Chemistry Extensively Optimized: High‐Temperature Swern–Moffatt Oxidation in an Automated Microreactor Platform,,doi_merged.csv
b006728h,10.1039/b006728h,The preparation of a series of nitrostilbene ester compounds using micro reactor technology,,doi_merged.csv
b208382p,10.1039/b208382p,Glass microchip with three-dimensional microchannel network for 2 × 2 parallel synthesis,,doi_merged.csv
b315236g,10.1039/b315236g,Recent advances in the synthesis of supported metathesis catalysts,,doi_merged.csv
b419081e,10.1039/b419081e,Thermal optimisation of the Reimer–Tiemann reaction using thermochromic liquid crystals on a microfluidic reactor,,doi_merged.csv
b924309g,10.1039/b924309g,"The continuous flow synthesis of butane-2,3-diacetal protected building blocks using microreactors",,doi_merged.csv
biot.201800244,10.1002/biot.201800244,Demystifying the Flow: Biocatalytic Reaction Intensification in Microstructured Enzyme Reactors,,doi_merged.csv
bit.10613,10.1002/bit.10613,Economically pertinent continuous amide formation by direct lipase‐catalyzed amidation with ammonia,,doi_merged.csv
bit.26470,10.1002/bit.26470,Enzymatic synthesis of chiral amino‐alcohols by coupling transketolase and transaminase‐catalyzed reactions in a cascading continuous‐flow microreactor system,,doi_merged.csv
bit.26497,10.1002/bit.26497,Design of a novel continuous flow reactor for low pH viral inactivation,,doi_merged.csv
bjoc.12.170,10.3762/bjoc.12.170,A flow reactor setup for photochemistry of biphasic gas/liquid reactions,,doi_merged.csv
bjoc.14.52,10.3762/bjoc.14.52,Heterogeneous Pd catalysts as emulsifiers in Pickering emulsions for integrated multistep synthesis in flow chemistry,,doi_merged.csv
bjoc.5.19,10.3762/bjoc.5.19,Asymmetric reactions in continuous flow,,doi_merged.csv
bjoc.5.29,10.3762/bjoc.5.29,From discovery to production: Scale-out of continuous flow meso reactors,,doi_merged.csv
bjoc.9.211,10.3762/bjoc.9.211,Ethyl diazoacetate synthesis in flow,,doi_merged.csv
bm501320b,10.1021/bm501320b,Nanofibrillar Chitin Aerogels as Renewable Base Catalysts,,doi_merged.csv
c0gc00133c,10.1039/c0gc00133c,Heterogeneous catalytic synthesis using microreactor technology,,doi_merged.csv
c0lc00321b,10.1039/c0lc00321b,Droplet synthesis of well-defined block copolymers using solvent-resistant microfluidic device,,doi_merged.csv
c0nr00141d,10.1039/c0nr00141d,Access to small size distributions of nanoparticles by microwave-assisted synthesis. Formation of Ag nanoparticles in aqueous carboxymethylcellulose solutions in batch and continuous-flow reactors,,doi_merged.csv
c1ee01295a,10.1039/c1ee01295a,Enzyme-based biohybrid foams designed for continuous flow heterogeneous catalysis and biodiesel production,,doi_merged.csv
c2cy20260c,10.1039/c2cy20260c,Heterogeneous catalysis with continuous flow microreactors,,doi_merged.csv
c2gc36652e,10.1039/c2gc36652e,"Safe, efficient and selective synthesis of dinitro herbicidesvia a multifunctional continuous-flow microreactor: one-step dinitration with nitric acid as agent",,doi_merged.csv
c3cy00282a,10.1039/c3cy00282a,Heterogeneous catalysis in an oscillatory baffled flow reactor,,doi_merged.csv
c3ra43921f,10.1039/c3ra43921f,Polystyrene-immobilized DABCO as a highly efficient and recyclable organocatalyst for the Knoevenagel condensation reaction,,doi_merged.csv
c4lc00330f,10.1039/c4lc00330f,Tools for chemical synthesis in microsystems,,doi_merged.csv
c4lc00390j,10.1039/c4lc00390j,Microfluidic remote loading for rapid single-step liposomal drug preparation,,doi_merged.csv
c4lc00429a,10.1039/c4lc00429a,Nanocrystal synthesis in microfluidic reactors: where next?,,doi_merged.csv
c4ra06814a,10.1039/c4ra06814a,Continuous-flow synthesis of polymer nanoparticles in a microreactor via miniemulsion photopolymerization,,doi_merged.csv
c7gc01055a,10.1039/c7gc01055a,"A continuous flow process for the production of 2,5-dimethylfuran from fructose using (non-noble metal based) heterogeneous catalysis",,doi_merged.csv
c9ra01347d,10.1039/c9ra01347d,The Chapman rearrangement in a continuous-flow microreactor,,doi_merged.csv
catal7050146,10.3390/catal7050146,Palladium-Catalyzed Suzuki–Miyaura Cross-Coupling in Continuous Flow,,doi_merged.csv
cc050107o,10.1021/cc050107o,Continuous-Flow High Pressure Hydrogenation Reactor for Optimization and High-Throughput Synthesis,,doi_merged.csv
cctc.201400028,10.1002/cctc.201400028,A Falling‐Film Microreactor for Enzymatic Oxidation of Glucose,,doi_merged.csv
cctc.201402483,10.1002/cctc.201402483,Immobilized Transition Metals as Catalysts for Cross‐Couplings in Continuous Flow—A Critical Assessment of the Reaction Mechanism and Metal Leaching,,doi_merged.csv
cctc.201900807,10.1002/cctc.201900807,Catalytic Transformation of Biomass Derivatives to Value‐Added Chemicals and Fuels in Continuous Flow Microreactors,,doi_merged.csv
cctc.201901129,10.1002/cctc.201901129,From Immobilization to Catalyst Use: A Complete Continuous‐Flow Approach Towards the Use of Immobilized Organocatalysts,,doi_merged.csv
ceat.200407124,10.1002/ceat.200407124,The Application of Microreactors for Small Scale Organic Synthesis,,doi_merged.csv
ceat.200600353,10.1002/ceat.200600353,High Rate Convergent Synthesis and Deposition of Polyamide Dendrimers using a Continuous‐Flow Microreactor,,doi_merged.csv
ceat.200700277,10.1002/ceat.200700277,Synthesis of Hyperbranched Polyglycerol in a Continuous Flow Microreactor,,doi_merged.csv
ceat.200900272,10.1002/ceat.200900272,Accessing Novel Process Windows in a High‐Temperature/Pressure Capillary Flow Reactor,,doi_merged.csv
ceat.200900474,10.1002/ceat.200900474,Novel Process Windows – Gate to Maximizing Process Intensification via Flow Chemistry,,doi_merged.csv
ceat.201200578,10.1002/ceat.201200578,Strategies for Using Microreactors and Flow Chemistry: Drivers and Tools,,doi_merged.csv
ceat.201200631,10.1002/ceat.201200631,Future Production Concepts in the Chemical Industry: Modular – Small‐Scale – Continuous,,doi_merged.csv
ceat.201200703,10.1002/ceat.201200703,Packed‐Bed Microreactor for Continuous‐Flow Adipic Acid Synthesis from Cyclohexene and Hydrogen Peroxide,,doi_merged.csv
ceat.201400581,10.1002/ceat.201400581,Nafion‐H‐Catalyzed High‐Temperature/High‐Pressure Synthesis of a Triarylmethane in Continuous‐Flow Mode,,doi_merged.csv
celc.202000696,10.1002/celc.202000696,A Continuous Flow Cell for High‐Temperature/High‐Pressure Electroorganic Synthesis,,doi_merged.csv
challe3020114,10.3390/challe3020114,Continuous-Flow Processes in Heterogeneously Catalyzed Transformations of Biomass Derivatives into Fuels and Chemicals,,doi_merged.csv
chem.200305212,10.1002/chem.200305212,Continuous Flow Techniques in Organic Synthesis,,doi_merged.csv
chem.200600236,10.1002/chem.200600236,Combining Enabling Techniques in Organic Synthesis: Continuous Flow Processes with Heterogenized Catalysts,,doi_merged.csv
chem.200600596,10.1002/chem.200600596,Microreactors as Tools for Synthetic Chemists—The Chemists' Round‐Bottomed Flask of the 21st Century?,,doi_merged.csv
chem.200800582,10.1002/chem.200800582,Flash Chemistry: Fast Chemical Synthesis by Using Microreactors,,doi_merged.csv
chem.200802200,10.1002/chem.200802200,Heterogeneous Versus Homogeneous Palladium Catalysts for Ligandless Mizoroki–Heck Reactions: A Comparison of Batch/Microwave and Continuous‐Flow Processing,,doi_merged.csv
chem.201102065,10.1002/chem.201102065,The Microwave‐to‐Flow Paradigm: Translating High‐Temperature Batch Microwave Chemistry to Scalable Continuous‐Flow Processes,,doi_merged.csv
chem.201505139,10.1002/chem.201505139,Continuous‐Flow Microwave Synthesis of Metal–Organic Frameworks: A Highly Efficient Method for Large‐Scale Production,,doi_merged.csv
chem.201706004,10.1002/chem.201706004,Advanced Continuous Flow Platform for On‐Demand Pharmaceutical Manufacturing,,doi_merged.csv
chem.201802588,10.1002/chem.201802588,Continuous <i>N</i>‐Hydroxyphthalimide (NHPI)‐Mediated Electrochemical Aerobic Oxidation of Benzylic C−H Bonds,,doi_merged.csv
chem.201903353,10.1002/chem.201903353,Flow Technology for the Genesis and Use of (Highly) Reactive Organometallic Reagents,,doi_merged.csv
chem.201904206,10.1002/chem.201904206,3D‐Printed Phenacrylate Decarboxylase Flow Reactors for the Chemoenzymatic Synthesis of 4‐Hydroxystilbene,,doi_merged.csv
chin.200828056,10.1002/chin.200828056,ChemInform Abstract: Trimethylaluminum Mediated Amide Bond Formation in a Continuous Flow Microreactor as Key to the Synthesis of Rimonabant and Efaproxiral.,,doi_merged.csv
cite.201600049,10.1002/cite.201600049,Sol‐Gel and Porous Glass‐Based Silica Monoliths with Hierarchical Pore Structure for Solid‐Liquid Catalysis,,doi_merged.csv
cptc.201900203,10.1002/cptc.201900203,The Right Light: De Novo Design of a Robust Modular Photochemical Reactor for Optimum Batch and Flow Chemistry,,doi_merged.csv
cs200103j,10.1021/cs200103j,Chemistry of Furan Conversion into Aromatics and Olefins over HZSM-5: A Model Biomass Conversion Reaction,,doi_merged.csv
cs501922e,10.1021/cs501922e,Environmentally Friendly Synthesis of γ-Valerolactone by Direct Catalytic Conversion of Renewable Sources,,doi_merged.csv
cssc.201100332,10.1002/cssc.201100332,"Highly Efficient 1,4‐Addition of Aldehydes to Nitroolefins: Organocatalysis in Continuous Flow by Solid‐Supported Peptidic Catalysts",,doi_merged.csv
cssc.201300197,10.1002/cssc.201300197,Continuous‐Flow Synthesis of Adipic Acid from Cyclohexene Using Hydrogen Peroxide in High‐Temperature Explosive Regimes,,doi_merged.csv
cssc.201903459,10.1002/cssc.201903459,Continuous‐Flow Amide and Ester Reductions Using Neat Borane Dimethylsulfide Complex,,doi_merged.csv
d0nj05978a,10.1039/d0nj05978a,Development of a continuous-flow tubular reactor for synthesis of 5-hydroxymethylfurfural from fructose using heterogeneous solid acid catalysts in biphasic reaction medium,,doi_merged.csv
d0re00335b,10.1039/d0re00335b,"The rise of continuous flow biocatalysis – fundamentals, very recent developments and future perspectives",,doi_merged.csv
d1cc02947a,10.1039/d1cc02947a,Tropylium-promoted Ritter reactions,,doi_merged.csv
d1re00016k,10.1039/d1re00016k,N-Doped carbon as a solid base catalyst for continuous flow Knoevenagel condensation,,doi_merged.csv
ed5005307,10.1021/ed5005307,Student-Fabricated Microfluidic Devices as Flow Reactors for Organic and Inorganic Synthesis,,doi_merged.csv
ef800027c,10.1021/ef800027c,Solar-Driven Coal Gasification in a Thermally Irradiated Packed-Bed Reactor,,doi_merged.csv
ejlt.201200321,10.1002/ejlt.201200321,Lipase‐catalyzed synthesis of secondary glucose esters under continuous flow conditions,,doi_merged.csv
ejoc.201403280,10.1002/ejoc.201403280,High‐Temperature Synthesis of Amides from Alcohols or Aldehydes by Using Flow Chemistry,,doi_merged.csv
ejoc.201700906,10.1002/ejoc.201700906,"Synthesis of Amines, Carbamates and Amides by Multi‐Step Continuous Flow Synthesis",,doi_merged.csv
ejoc.201700992,10.1002/ejoc.201700992,"Synthesis of Celecoxib, Mavacoxib, SC‐560, Fluxapyroxad, and Bixafen Enabled by Continuous Flow Reaction Modules",,doi_merged.csv
ejoc.201701111,10.1002/ejoc.201701111,3D‐Printed Polypropylene Continuous‐Flow Column Reactors: Exploration of Reactor Utility in S<sub>N</sub>Ar Reactions and the Synthesis of Bicyclic and Tetracyclic Heterocycles,,doi_merged.csv
ejoc.201800149,10.1002/ejoc.201800149,Continuous Flow Organic Chemistry: Successes and Pitfalls at the Interface with Current Societal Challenges,,doi_merged.csv
ejoc.201900468,10.1002/ejoc.201900468,Fast and Efficient Continuous Flow Method for the Synthesis of Ynones and Pyrazoles,,doi_merged.csv
ejoc.202000705,10.1002/ejoc.202000705,Heterogeneous Catalysts “on the Move”: Flow Chemistry with Fluid Immobilised (Bio)Catalysts,,doi_merged.csv
ejoc.202100795,10.1002/ejoc.202100795,Scalable Synthesis of Norbornadienes via <i>in situ</i> Cracking of Dicyclopentadiene Using Continuous Flow Chemistry,,doi_merged.csv
gps-2012-0008,10.1515/gps-2012-0008,Micro reactor and flow chemistry for industrial applications in drug discovery and development,,doi_merged.csv
gps-2016-0138,10.1515/gps-2016-0138,Synthesis of iron oxide nanoparticles in a continuous flow spiral microreactor and Corning <sup>®</sup> advanced flow™ reactor,,doi_merged.csv
hlca.200490304,10.1002/hlca.200490304,Modular Microreaction Systems for Homogeneously and Heterogeneously Catalyzed Chemical Synthesis,,doi_merged.csv
hlca.201900172,10.1002/hlca.201900172,Synthesis of Organometallic Compounds in Flow,,doi_merged.csv
ie020733n,10.1021/ie020733n,Reaction Kinetics of Amino Acid Decomposition in High-Temperature and High-Pressure Water,,doi_merged.csv
ie040285e,10.1021/ie040285e,"Synthesis of Organic Compounds Using Polymer-Supported Reagents, Catalysts, and/or Scavengers in Benchtop Flow Systems",,doi_merged.csv
ie100507z,10.1021/ie100507z,Dynamic Methods in Catalytic Reaction Engineering: Applications to the Investigation of the NH<sub>3</sub> Selective Catalytic Reduction Reactions for Diesel Emission Control,,doi_merged.csv
ie101346u,10.1021/ie101346u,Design and Packaging of Microreactors for High Pressure and High Temperature Applications,,doi_merged.csv
j.cattod.2017.09.041,10.1016/j.cattod.2017.09.041,Multiphase flow processing in microreactors combined with heterogeneous catalysis for efficient and sustainable chemical synthesis,,doi_merged.csv
j.cej.2020.126164,10.1016/j.cej.2020.126164,Simple and scalable fabrication of hairy ZnO@ZnS core@shell Cu cables for continuous sunlight-driven photocatalytic water remediation,,doi_merged.csv
j.ces.2018.06.050,10.1016/j.ces.2018.06.050,Continuous flow synthesis of ultrasmall gold nanoparticles in a microreactor using trisodium citrate and their SERS performance,,doi_merged.csv
j.coche.2020.05.002,10.1016/j.coche.2020.05.002,Flow chemistry remains an opportunity for chemists and chemical engineers,,doi_merged.csv
j.compchemeng.2016.05.009,10.1016/j.compchemeng.2016.05.009,A joint model-based experimental design approach for the identification of kinetic models in continuous flow laboratory reactors,,doi_merged.csv
j.eng.2020.06.025,10.1016/j.eng.2020.06.025,Engineering Research Progress of Electrochemical Microreaction Technology—A Novel Method for Electrosynthesis of Organic Chemicals,,doi_merged.csv
j.mcat.2020.110884,10.1016/j.mcat.2020.110884,Design and development of TiO2 coated microflow reactor for photocatalytic partial oxidation of benzyl alcohol,,doi_merged.csv
j.molcatb.2013.05.016,10.1016/j.molcatb.2013.05.016,Microfluidic multi-input reactor for biocatalytic synthesis using transketolase,,doi_merged.csv
j100393a001,10.1021/j100393a001,Systematic design of chemical oscillators. Part 7. An iodine-free chlorite-based oscillator. The chlorite-thiosulfate reaction in a continuous flow stirred tank reactor,,doi_merged.csv
ja0512069,10.1021/ja0512069,A Microreactor for Microwave-Assisted Capillary (Continuous Flow) Organic Synthesis,,doi_merged.csv
ja051381p,10.1021/ja051381p,High-Temperature Microfluidic Synthesis of CdSe Nanocrystals in Nanoliter Droplets,,doi_merged.csv
ja111346c,10.1021/ja111346c,Continuous Flow Enzyme-Catalyzed Polymerization in a Microreactor,,doi_merged.csv
ja209688a,10.1021/ja209688a,Continuous Production of Cu<sub>2</sub>ZnSnS<sub>4</sub> Nanocrystals in a Flow Reactor,,doi_merged.csv
ja412740p,10.1021/ja412740p,In Situ IR and X-ray High Spatial-Resolution Microspectroscopy Measurements of Multistep Organic Transformation in Flow Microreactor Catalyzed by Au Nanoclusters,,doi_merged.csv
ja512224g,10.1021/ja512224g,Electrochemically Responsive Heterogeneous Catalysis for Controlling Reaction Kinetics,,doi_merged.csv
ja8029174,10.1021/ja8029174,Multi-Step Microfluidic Polymerization Reactions Conducted in Droplets: The Internal Trigger Approach,,doi_merged.csv
jacs.0c03283,10.1021/jacs.0c03283,Water Is the Oxygen Source for Methanol Produced in Partial Oxidation of Methane in a Flow Reactor over Cu-SSZ-13,,doi_merged.csv
jacs.8b11860,10.1021/jacs.8b11860,Pickering Emulsion-Derived Liquid–Solid Hybrid Catalyst for Bridging Homogeneous and Heterogeneous Catalysis,,doi_merged.csv
jp065390b,10.1021/jp065390b,Plasma Synthesis of Large Quantities of Zinc Oxide Nanorods,,doi_merged.csv
jp509534k,10.1021/jp509534k,"Modeling the Radical Chemistry in an Oxidation Flow Reactor: Radical Formation and Recycling, Sensitivities, and the OH Exposure Estimation Equation",,doi_merged.csv
kin.20327,10.1002/kin.20327,Experimental measurements and kinetic modeling of CO/H<sub>2</sub>/O<sub>2</sub>/NO<sub>x</sub> conversion at high pressure,,doi_merged.csv
la050519e,10.1021/la050519e,Continuous Microfluidic Reactors for Polymer Particles,,doi_merged.csv
macp.200700588,10.1002/macp.200700588,Microstructured Reactors for Polymer Synthesis: A Renaissance of Continuous Flow Processes for Tailor‐Made Macromolecules?,,doi_merged.csv
macp.201600421,10.1002/macp.201600421,Precision Polymer Design in Microstructured Flow Reactors: Improved Control and First Upscale at Once,,doi_merged.csv
mnl.2017.0126,10.1049/mnl.2017.0126,Continuous flow synthesis of monodisperse gold nanoparticles by liquid‐phase reduction method on glass microfluidic device,,doi_merged.csv
molecules21070918,10.3390/molecules21070918,Exploring Flow Procedures for Diazonium Formation,,doi_merged.csv
molecules23010043,10.3390/molecules23010043,Amine-Functionalized Sugarcane Bagasse: A Renewable Catalyst for Efficient Continuous Flow Knoevenagel Condensation Reaction at Room Temperature,,doi_merged.csv
molecules25143307,10.3390/molecules25143307,Study on the Microwave-Assisted Batch and Continuous Flow Synthesis of N-Alkyl-Isoindolin-1-One-3-Phosphonates by a Special Kabachnik–Fields Condensation,,doi_merged.csv
ncomms4777,10.1038/ncomms4777,Controlled multistep synthesis in a three-phase droplet reactor,,doi_merged.csv
ncomms6305,10.1038/ncomms6305,Vesicle-based artificial cells as chemical microreactors with spatially segregated reaction pathways,,doi_merged.csv
nl0485859,10.1021/nl0485859,Synthesis of Silver Nanoparticles in a Continuous Flow Tubular Microreactor,,doi_merged.csv
nl102478q,10.1021/nl102478q,Plasmonic Nanoshell Synthesis in Microfluidic Composite Foams,,doi_merged.csv
ol303046e,10.1021/ol303046e,Continuous Flow Sonogashira C–C Coupling Using a Heterogeneous Palladium–Copper Dual Reactor,,doi_merged.csv
ol702718z,10.1021/ol702718z,Spurring Radical Reactions of Organic Halides with Tin Hydride and TTMSS Using Microreactors,,doi_merged.csv
op0100504,10.1021/op0100504,"Continuous Processing to Control a Potentially Hazardous Process:  Conversion of Aryl 1,1-Dimethylpropargyl Ethers to 2,2-Dimethylchromenes (2,2-Dimethyl-2<i>H</i>-1-Benzopyrans)",,doi_merged.csv
op025561k,10.1021/op025561k,Continuous Synthesis of an Intermediate of Quinolone Antibiotic Drug Using Static Mixers,,doi_merged.csv
op034181b,10.1021/op034181b,Development and Applications of a Practical Continuous Flow Microwave Cell,,doi_merged.csv
op049857x,10.1021/op049857x,Solid-Supported Continuous Flow Synthesis in Microreactors Using Electroosmotic Flow,,doi_merged.csv
op100055f,10.1021/op100055f,"Efficient Synthesis of 1,3-Dialkylimidazolium-Based Ionic Liquids: The Modified Continuous Radziszewski Reaction in a Microreactor Setup",,doi_merged.csv
op100123e,10.1021/op100123e,An Automated Microfluidic System for Online Optimization in Chemical Synthesis,,doi_merged.csv
op100288t,10.1021/op100288t,"A General, One-Step Synthesis of Substituted Indazoles using a Flow Reactor",,doi_merged.csv
op2000699,10.1021/op2000699,Multijet Oscillating Disc Millireactor: A Novel Approach for Continuous Flow Organic Synthesis,,doi_merged.csv
op2001047,10.1021/op2001047,A Scalable Two-Step Continuous Flow Synthesis of Nabumetone and Related 4-Aryl-2-butanones,,doi_merged.csv
op200349f,10.1021/op200349f,Mixing and Dispersion in Small-Scale Flow Systems,,doi_merged.csv
op300273u,10.1021/op300273u,Continuous Flow Synthesis of <i>n</i>-Alkyl Chlorides in a High-Temperature Microreactor Environment,,doi_merged.csv
op400026g,10.1021/op400026g,A Continuous-Flow Microwave Reactor for Conducting High-Temperature and High-Pressure Chemical Reactions,,doi_merged.csv
op400073p,10.1021/op400073p,On the Potential of Organic Solvent Nanofiltration in Continuous Heck Coupling Reactions,,doi_merged.csv
op400090a,10.1021/op400090a,The Synthesis of Bromomethyltrifluoroborates through Continuous Flow Chemistry,,doi_merged.csv
op500204z,10.1021/op500204z,Pilot-Scale Continuous Production of LY2886721: Amide Formation and Reactive Crystallization,,doi_merged.csv
op700225u,10.1021/op700225u,Continuous Flow Microwave-Assisted Reaction Optimization and Scale-Up Using Fluorous Spacer Technology,,doi_merged.csv
photochemflow (1),,photochemflow (1),,filename_only
photochemflow (10),10.56687/9781447324416-013,10. Upgrade to 10-10-10,2015,crossref_api
photochemflow (100),10.51566/catalogos2119,"Emiliano Zapata: 100 años, 100 fotos / Emiliano Zapata: 100 years, 100 photographs",2022,crossref_api
photochemflow (102),10.1515/9783112573488-121,Anlage 102 Anlage 102,1972,crossref_api
photochemflow (103),10.5005/jp/books/11592_103,Case-103 Case 103,2012,crossref_api
photochemflow (104),10.5005/jp/books/11592_104,Case-104 Case 104,2012,crossref_api
photochemflow (105),10.5005/jp/books/11592_105,Case-105 Case 105,2012,crossref_api
photochemflow (106),10.5005/jp/books/11592_106,Case-106 Case 106,2012,crossref_api
photochemflow (107),10.1038/scibx.2011.957,MicroRNA-107 (miR-107),2011,crossref_api
photochemflow (108),10.1086/spsv13p275,108 Uses of 108,1999,crossref_api
photochemflow (109),10.5005/jp/books/11592_109,Case-109 Case 109,2012,crossref_api
photochemflow (110),10.1002/9781119007104.ch139,Rhodamine 110 (RH 110),2015,crossref_api
photochemflow (111),10.5005/jp/books/11592_111,Case-111 Case 111,2012,crossref_api
photochemflow (112),10.5005/jp/books/11592_112,Case-112 Case 112,2012,crossref_api
photochemflow (113),10.1097/00004424-198609000-00131,113 ABSTRACT #113 WITHDRAWN,1986,crossref_api
photochemflow (114),10.5005/jp/books/11592_114,Case-114 Case 114,2012,crossref_api
photochemflow (115),10.5005/jp/books/11592_115,Case-115 Case 115,2012,crossref_api
photochemflow (116),10.5005/jp/books/11592_116,Case-116 Case 116,2012,crossref_api
photochemflow (117),10.5005/jp/books/11592_117,Case-117 Case 117,2012,crossref_api
photochemflow (118),10.5005/jp/books/11592_118,Case-118 Case 118,2012,crossref_api
photochemflow (119),10.5005/jp/books/11592_119,Case-119 Case 119,2012,crossref_api
photochemflow (12),10.14321/j.ctv3f8rp1.4,12:12:12 12/12/12,,crossref_api
photochemflow (120),10.3917/lhum.vergn.2024.01.art043,"120 ans, 120 unes, 120 regards",2024,crossref_api
photochemflow (121),10.5005/jp/books/11592_121,Case-121 Case 121,2012,crossref_api
photochemflow (122),10.1038/scibx.2009.1763,MicroRNA-122 (miRNA-122),2009,crossref_api
photochemflow (123),10.1002/9781119007104.ch140,Rhodamine 123 (RH 123),2015,crossref_api
photochemflow (124),10.1038/scibx.2011.36,MicroRNA-124 (miR-124),2011,crossref_api
photochemflow (125),10.5040/9780300261271.0009.ch025,Psalm 125 ( 125:1–5 ),1970,crossref_api
photochemflow (126),10.1038/scibx.2008.704,MicroRNA-126 (miRNA-126),2008,crossref_api
photochemflow (127),10.1093/oseo/instance.00295607,127,2001,crossref_api
photochemflow (129),10.5040/9780300261271.0009.ch029,Psalm 129 ( 129:1–8 ),1970,crossref_api
photochemflow (130),10.5040/9780300261271.0009.ch030,Psalm 130 ( 130:1–8 ),1970,crossref_api
photochemflow (131),10.5040/9780300261271.0009.ch031,Psalm 131 ( 131:1–3 ),1970,crossref_api
photochemflow (132),10.1515/9783110893854.1615,Vor § 132 - § 132,2004,crossref_api
photochemflow (134),10.1038/scibx.2012.681,MicroRNA-134 (miR-134),2012,crossref_api
photochemflow (135),10.5040/9780300261271.0009.ch035,Psalm 135 ( 135:1–21 ),1970,crossref_api
photochemflow (136),10.1249/01.mss.0000352759.00125.b6,136,2009,crossref_api
photochemflow (137),10.1093/oseo/instance.00030492,137,1609,crossref_api
photochemflow (138),10.1038/scibx.2011.431,MicroRNA-138 (miR-138),2011,crossref_api
photochemflow (139),10.5040/9780300261271.0009.ch039,Psalm 139 ( 139:1–24 ),1970,crossref_api
photochemflow (14),10.1137/1.9781611971422.ch14,14. Lecture 14,1998,crossref_api
photochemflow (140),10.5040/9780300261271.0009.ch040,Psalm 140 ( 140:1–14 ),1970,crossref_api
photochemflow (141),10.5040/9780300261271.0009.ch041,Psalm 141 ( 141:1–10 ),1970,crossref_api
photochemflow (142),10.4324/9780203883525-19,Pastoral Potpourri 142 142,2008,crossref_api
photochemflow (15),10.1137/1.9781611971491.ch15,15. Lecture 15,1996,crossref_api
photochemflow (16),10.1137/1.9781611971422.ch16,16. Lecture 16,1998,crossref_api
photochemflow (17),10.17758/eirai.,"Bali 2017 International Conference Proceeding IPCET-17, CM3E-17, ABEMS-17, ICEEE-17, ICCEE-17, ICASE-17, ICAFE-17, EBHRM-17, LHHSS-17 &amp; LEBHM-17",2017,crossref_api
photochemflow (18),10.7557/tbjfgm09,18. Forvika,2025,crossref_api
photochemflow (19),10.1055/a-1229-5048,COVID-19 COVID-19 COVID-19 COVID-19 COVID-19 COVID-19,2020,crossref_api
photochemflow (2),,photochemflow (2),,filename_only
photochemflow (20),10.16992/asos.14275,TANZ%c4%b0MAT%20%c3%96NCES%c4%b0%20%c4%b0NC%c4%b0R%20KAZASININ%20DEMOGRAF%c4%b0K%20YAPISI%20%20%20%20%20%20%20%20%20%20%20%20%20%20%20%20%20%20%20%20%20%20%20%20%20%20%20%20%20%20%20%20%20%20%20%20%20%20%20%20%20%20%20%20%20%20%20%20%20%20%20%20%20%20%20%20%20%20%20%20%20%20%20%20%20%20%20%20%20%20%20%20%20%20%20%20%20%20%20%20%20%20%20%20%20%20%20%20%20%20%20%20%20%20%20%20%20%20%20%20%20%20%20%20%20%20%20%20%20%20%20%20%20,2018,crossref_api
photochemflow (21),10.21883/eos.2022.01.52995.21-21,21-21,2022,crossref_api
photochemflow (22),10.17758/uruae17,"LISEFT-22, PLHS2-22, LAEW2M-22, EHSSM-22 &amp; PAEST-22",2022,crossref_api
photochemflow (23),10.17758/eares12,"April 2023 European Conference ESTIA-23, ACBEE-23, ESSHBM-23, DFSET-23, CBENR-23, MLHES-23,  LEMM-23, PASEW-23, AABES-23, PDAMN-23 &amp; PMESH-23",2023,crossref_api
photochemflow (24),10.1137/1.9781611971491.ch24,24. Lecture 24,1996,crossref_api
photochemflow (25),10.31285/agro.26.1112,25 years in 25 articles,2022,crossref_api
photochemflow (26),10.1137/1.9781611971422.ch26,26. Lecture 26,1998,crossref_api
photochemflow (27),10.1093/oseo/instance.00259192,27 (W 27),1955,crossref_api
photochemflow (28),10.1515/9783035615944-006,28/28,2018,crossref_api
photochemflow (29),10.1038/scibx.2010.214,MicroRNA-29 (miR-29),2010,crossref_api
photochemflow (3),,photochemflow (3),,filename_only
photochemflow (30),10.21803/penamer.15.30.710,Editorial 30,2023,crossref_api
photochemflow (31),10.21803/penamer.16.31.707,Editorial 31,2023,crossref_api
photochemflow (32),10.1055/b-0037-145547,32 Lektion 32,2017,crossref_api
photochemflow (33),10.1038/scibx.2011.631,MicroRNA-33 (miR-33),2011,crossref_api
photochemflow (35),10.5553/ab/01651331016096004008,35 onder de 35,2016,crossref_api
photochemflow (36),10.5040/9780300261257.0008.ch036,Psalm 36 ( 36:1–13 ),1965,crossref_api
photochemflow (37),10.1515/9783034611671.305,37 Projekte / 37 Progetti / 37 Projects,2010,crossref_api
photochemflow (38),10.7202/1061121ar,38 - 28 - 38,1964,crossref_api
photochemflow (39),10.1515/9783112316139-043,39. La Norvège / 39. Norwegen,1953,crossref_api
photochemflow (4),,photochemflow (4),,filename_only
photochemflow (40),10.51378/rlt.v37i111.7583,40.°,2024,crossref_api
photochemflow (41),10.1107/s1600536812012548,41-Azido-41-deoxyrapamycin,2012,crossref_api
photochemflow (42),10.1097/00004424-198609000-00060,42 ABSTRACT #42 WITHDRAWN,1986,crossref_api
photochemflow (44),10.1097/00004424-198609000-00062,44 ABSTRACT #44 WITHDRAWN,1986,crossref_api
photochemflow (45),10.1108/sl.2000.26128eag.001,45-45-45: Business @eSpeed,2000,crossref_api
photochemflow (46),10.19053/uptc.01218530.n46.2023.19496,Editorial 46,2025,crossref_api
photochemflow (47),10.19053/uptc.01218530.n47.2024.19497,Editorial 47,2025,crossref_api
photochemflow (48),10.1515/9781400856862.188,Quaresima ’48 / Lent ’48,1980,crossref_api
photochemflow (49),10.19053/uptc.01218530.n49.2024.19498,Editorial 49,2025,crossref_api
photochemflow (5),,photochemflow (5),,filename_only
photochemflow (50),10.1161/circulationaha.118.035985,50×50×50,2018,crossref_api
photochemflow (51),10.1515/9783112316139-055,51. Le Siam / 51. Siam,1953,crossref_api
photochemflow (52),10.1016/s0040-1625(96)90013-x,Volume 52 contentslume 52,1996,crossref_api
photochemflow (53),10.1515/9783112316139-057,53. La Syrie / 53. Syrien,1953,crossref_api
photochemflow (54),10.5040/9780300261264.0007.ch004,Psalm 54 ( 54:1–9 ),1968,crossref_api
photochemflow (55),10.1016/s0003-3170(03)74839-1,Índices Vol. 55 / Índices Vol. 55 / Índexs Vol. 55,2003,crossref_api
photochemflow (56),10.1093/oseo/instance.00294806,56 Prod. Misc. 56,2023,crossref_api
photochemflow (57),10.1002/0471701343.sdp21477.pub2,β‐Propiolactone 57‐57‐8,2012,crossref_api
photochemflow (58),10.1002/0471701343.sdp21697,Puromycin Dihydrochloride 58‐58‐2,2004,crossref_api
photochemflow (6),,photochemflow (6),,filename_only
photochemflow (60),10.5565/rev/grafica.351,JFK’60,2024,crossref_api
photochemflow (61),10.1201/b13449-13,Answers 61–70 Case 61,2008,crossref_api
photochemflow (62),10.5040/9780300261264.0007.ch012,Psalm 62 ( 62:1–13 ),1968,crossref_api
photochemflow (63),10.4000/books.pup.49290,Né en 63 / Néant 63,2016,crossref_api
photochemflow (64),10.5040/9780300261264.0007.ch014,Psalm 64 ( 64:1–11 ),1968,crossref_api
photochemflow (65),10.1093/oseo/instance.00259076,"65 (R2 54, R3 65)",1955,crossref_api
photochemflow (66),10.1016/b978-188420797-6.50022-x,Nylon 66 – PA 66,2003,crossref_api
photochemflow (67),10.1515/9783111337340.283,§§ 67 a–67 g,1985,crossref_api
photochemflow (68),10.1515/9783110913200.241,§§ Vor 68 - 68,2006,crossref_api
photochemflow (69),10.1515/9783111337340.677,§§ 69–69 b,1985,crossref_api
photochemflow (7),,photochemflow (7),,filename_only
photochemflow (70),10.38146/bsz.2022.11.31,„70 év 70 gondolat”,2022,crossref_api
photochemflow (71),10.1201/b13449-14,Questions 71–80 Case 71,2008,crossref_api
photochemflow (72),10.18861/ic.2025.20.1.3939,72 hours later,2025,crossref_api
photochemflow (73),10.1093/ajcp/62.3.438,"NBS IR Studies 73-162, 73-163, 73-162 Appendix, and 73-197",1974,crossref_api
photochemflow (74),10.1093/oseo/instance.00294824,74 Prod. Misc. 74,2023,crossref_api
photochemflow (75),10.1002/0471701343.sdp41960,Methanesulfonic Acid 75‐75‐2,2012,crossref_api
photochemflow (76),10.1515/9783111337340.909,"§§76, 76 a",1985,crossref_api
photochemflow (77),10.1515/9783111337340.924,§§ 77–77 e,1985,crossref_api
photochemflow (78),10.1515/9783111337340.994b,§§ 78–78 c,,crossref_api
photochemflow (79),10.1515/9783111337340.1032,§§ 79–79 b,1985,crossref_api
photochemflow (8),,photochemflow (8),,filename_only
photochemflow (80),10.3828/jbs.2022.8,80 at 80,2022,crossref_api
photochemflow (81),10.1002/0471701343.sdp25683,Warfarin 81‐81‐2,2004,crossref_api
photochemflow (82),10.5040/9780300261264.0007.ch032,Psalm 82 ( 82:1–8 ),1968,crossref_api
photochemflow (83),10.5040/9780300261264.0007.ch033,Psalm 83 ( 83:1–19 ),1968,crossref_api
photochemflow (84),10.1016/0378-3804(84)90032-9,"Sama 84; Autofact 84; Swissdata 84; and Fabritec 84, Basel, Switzerland",1984,crossref_api
photochemflow (85),10.1097/00004424-198609000-00103,85 ABSTRACT #85 WITHDRAWN,1986,crossref_api
photochemflow (86),10.1016/0030-3992(86)90096-4,CLEO '86—IQEC '86,1986,crossref_api
photochemflow (87),10.1002/0471701343.sdp23531,Tetrachlorohydroquinone 87‐87‐6,2004,crossref_api
photochemflow (88),10.5040/9780300261264.0007.ch038,Psalm 88 ( 88:1–19 ),1968,crossref_api
photochemflow (9),,photochemflow (9),,filename_only
photochemflow (90),10.1097/coh.0000000000000498,90-90-90 HIV targets,2018,crossref_api
photochemflow (91),10.22480/rev.unifa.1991.7.980,Fatos 91,2024,crossref_api
photochemflow (92),10.5040/9780300261264.0007.ch042,Psalm 92 ( 92:1–16 ),1968,crossref_api
photochemflow (93),10.5040/9780300261264.0007.ch043,Psalm 93 ( 93:1–5 ),1968,crossref_api
photochemflow (94),10.5040/9780300261264.0007.ch044,Psalm 94 ( 94:1–23 ),1968,crossref_api
photochemflow (96),10.2135/cropsci2000.0006rgp,"Registration of 96‐2052, 96‐2058, 96‐2068, 96‐2198, and 96‐2222 Pea Germplasms",2000,crossref_api
photochemflow (97),10.5040/9780300261264.0007.ch047,Psalm 97 ( 97:1–12 ),1968,crossref_api
photochemflow (98),10.2307/jj.21995467.7,’98 AFTER ’98:,2024,crossref_api
photochemflow (99),10.3233/scc-2000-217,Telecom 99 + Interactive 99,2000,crossref_api
physrevlett.89.046101,10.1103/physrevlett.89.046101,CO Oxidation on Pt(110): Scanning Tunneling Microscopy Inside a High-Pressure Flow Reactor,,doi_merged.csv
pnas.1117566109,10.1073/pnas.1117566109,Micro-chemical synthesis of molecular probes on an electronic microfluidic device,,doi_merged.csv
pnas.1916401117,10.1073/pnas.1916401117,Fast oxidation of sulfur dioxide by hydrogen peroxide in deliquesced aerosol particles,,doi_merged.csv
ppsc.202000256,10.1002/ppsc.202000256,Microfluidic Synthesis of Semiconductor Materials: Toward Accelerated Materials Development in Flow,,doi_merged.csv
s-0029-1217828,10.1055/s-0029-1217828,Developing Continuous-Flow Microreactors as Tools for Synthetic Chemists,,doi_merged.csv
s-0030-1259528,10.1055/s-0030-1259528,Catalytic Batch and Continuous Flow Production of Highly Enantioenriched Cyclohexane Derivatives with Polymer-Supported Diarylprolinol Silyl Ethers,,doi_merged.csv
s-0031-1291013,10.1055/s-0031-1291013,Continuous Flow Synthesis of Secondary Amides by Tandem Azidation- Amidation of Anilines,,doi_merged.csv
s-0037-1611772,10.1055/s-0037-1611772,Flow Electrochemical Cyclizations via Amidyl Radicals: Easy Access to Cyclic Ureas,,doi_merged.csv
s-2007-985574,10.1055/s-2007-985574,Direct Uncatalyzed Amination of 2-Chloropyridine Using a Flow Reactor,,doi_merged.csv
s41598-020-73957-6,10.1038/s41598-020-73957-6,Memory of chirality in a room temperature flow electrochemical reactor,,doi_merged.csv
s41981-019-00050-z,10.1007/s41981-019-00050-z,Translating batch electrochemistry to single-pass continuous flow conditions: an organic chemist’s guide,,doi_merged.csv
s41981-020-00077-7,10.1007/s41981-020-00077-7,Pushing the boundaries of C–H bond functionalization chemistry using flow technology,,doi_merged.csv
s41981-020-00117-2,10.1007/s41981-020-00117-2,An open source toolkit for 3D printed fluidics,,doi_merged.csv
s41981-020-00118-1,10.1007/s41981-020-00118-1,Flow chemistry experiments in the undergraduate teaching laboratory: synthesis of diazo dyes and disulfides,,doi_merged.csv
s41981-020-00122-5,10.1007/s41981-020-00122-5,Extending practical flow chemistry into the undergraduate curriculum via the use of a portable low-cost 3D printed continuous flow system,,doi_merged.csv
s41981-021-00172-3,10.1007/s41981-021-00172-3,Continuous citrate‐capped gold nanoparticle synthesis in a two‐phase flow reactor,,doi_merged.csv
s42004-021-00490-6,10.1038/s42004-021-00490-6,Flow parallel synthesizer for multiplex synthesis of aryl diazonium libraries via efficient parameter screening,,doi_merged.csv
science.1151787,10.1126/science.1151787,NMR Imaging of Catalytic Hydrogenation in Microreactors with the Use of para-Hydrogen,,doi_merged.csv
science.280.5366.1046,10.1126/science.280.5366.1046,Chemical Amplification: Continuous-Flow PCR on a Chip,,doi_merged.csv
science.aav2412,10.1126/science.aav2412,Dry reforming of methane by stable Ni–Mo nanocatalysts on single-crystalline MgO,,doi_merged.csv
smll.201200773,10.1002/smll.201200773,Continuous In Situ Synthesis of ZnSe/ZnS Core/Shell Quantum Dots in a Microfluidic Reaction System and its Application for Light‐Emitting Diodes,,doi_merged.csv
sym7031395,10.3390/sym7031395,Enantioselective Organocatalysis in Microreactors: Continuous Flow Synthesis of a (S)-Pregabalin Precursor and (S)-Warfarin,,doi_merged.csv
tps.2005.844526,10.1109/tps.2005.844526,Production of hydrogen and carbon black by methane decomposition using DC-RF hybrid thermal plasmas,,doi_merged.csv
