Title,DOI,Open Access,source_file
An Automated Microfluidic System for Online Optimization in Chemical Synthesis,10.1021/op100123e,No,paper_results_Knoevenagel_condensation_flow_chemistry_20260325_145819.xlsx
A MOF-membrane based on the covalent bonding driven assembly of a NMOF with an organic oligomer and its application in membrane reactors,10.1039/c6cc06427b,No,paper_results_Knoevenagel_condensation_flow_chemistry_20260325_145819.xlsx
A nanoporous graphene analog for superfast heavy metal removal and continuous-flow visible-light photoredox catalysis,10.1039/c7ta05534j,No,paper_results_Knoevenagel_condensation_flow_chemistry_20260325_145819.xlsx
Multichannel quench-flow microreactor chip for parallel reaction monitoring,10.1039/b710680g,No,paper_results_Knoevenagel_condensation_flow_chemistry_20260325_145819.xlsx
"A General, Green Chemistry Approach for Immobilization of Inorganic Catalysts in Monolithic Porous Flow-Reactors",10.1021/acssuschemeng.5b01541,No,paper_results_Knoevenagel_condensation_flow_chemistry_20260325_145819.xlsx
Catalytic Batch and Continuous Flow Production of Highly Enantioenriched Cyclohexane Derivatives with Polymer-Supported Diarylprolinol Silyl Ethers,10.1055/s-0030-1259528,No,paper_results_Knoevenagel_condensation_flow_chemistry_20260325_145819.xlsx
Amine-Functionalized Sugarcane Bagasse: A Renewable Catalyst for Efficient Continuous Flow Knoevenagel Condensation Reaction at Room Temperature,10.3390/molecules23010043,Yes,paper_results_Knoevenagel_condensation_flow_chemistry_20260325_145819.xlsx
Surface-Immobilized ZnN<sub><i>x</i></sub> Sites as High-Performance Catalysts for Continuous Flow Knoevenagel Condensation in Water,10.1021/acsami.3c14181,No,paper_results_Knoevenagel_condensation_flow_chemistry_20260325_145819.xlsx
A Continuous‐Flow Microreactor for Knoevenagel Condensation of Ethyl Cyanoacetate with Benzaldehyde: The Effect of Grafted Amino Groups on Catalytic Activity,10.1002/cplu.202200390,Yes,paper_results_Knoevenagel_condensation_flow_chemistry_20260325_145819.xlsx
Synthesis of Curcumin Derivatives via Knoevenagel Reaction Within a Continuously Driven Microfluidic Reactor Using Polymeric Networks Containing Piperidine as a Catalyst,10.3390/gels11040278,Yes,paper_results_Knoevenagel_condensation_flow_chemistry_20260325_145819.xlsx
Bifunctionalised acid-base hierarchically structured monolithic microreactor for continuous-flow tandem catalytic process of cyanocinnamate synthesis,10.1038/s41598-024-77146-7,Yes,paper_results_Knoevenagel_condensation_flow_chemistry_20260325_145819.xlsx
Nanofibrillar Chitin Aerogels as Renewable Base Catalysts,10.1021/bm501320b,No,paper_results_Knoevenagel_condensation_flow_chemistry_20260325_145819.xlsx
Polystyrene-immobilized DABCO as a highly efficient and recyclable organocatalyst for the Knoevenagel condensation reaction,10.1039/c3ra43921f,No,paper_results_Knoevenagel_condensation_flow_chemistry_20260325_145819.xlsx
Organic porous heterogeneous composite with antagonistic catalytic sites as a cascade catalyst for continuous flow reaction,10.1039/d3sc03525e,Yes,paper_results_Knoevenagel_condensation_flow_chemistry_20260325_145819.xlsx
Development and Applications of a Practical Continuous Flow Microwave Cell,10.1021/op034181b,No,paper_results_SNAr_flow_reactor_continuous_20260325_150150.xlsx
Continuous Synthesis and Purification by Direct Coupling of a Flow Reactor with Simulated Moving‐Bed Chromatography,10.1002/anie.201202795,No,paper_results_SNAr_flow_reactor_continuous_20260325_150150.xlsx
3D‐Printed Polypropylene Continuous‐Flow Column Reactors: Exploration of Reactor Utility in S<sub>N</sub>Ar Reactions and the Synthesis of Bicyclic and Tetracyclic Heterocycles,10.1002/ejoc.201701111,Yes,paper_results_SNAr_flow_reactor_continuous_20260325_150150.xlsx
High-Throughput Experimentation and Continuous Flow Evaluation of Nucleophilic Aromatic Substitution Reactions,10.1021/acscombsci.9b00212,Yes,paper_results_SNAr_flow_reactor_continuous_20260325_150150.xlsx
Direct Uncatalyzed Amination of 2-Chloropyridine Using a Flow Reactor,10.1055/s-2007-985574,No,paper_results_SNAr_flow_reactor_continuous_20260325_150150.xlsx
Continuous Synthesis and Purification by Coupling a Multistep Flow Reaction with Centrifugal Partition Chromatography,10.1002/anie.201703852,Yes,paper_results_SNAr_flow_reactor_continuous_20260325_150150.xlsx
Continuous Flow Conditions for High Temperature Formation of a Benzodioxan Pharmaceutical Intermediate: Rapid Scaleup for Early Phase Material Delivery,10.1021/acs.oprd.9b00499,No,paper_results_SNAr_flow_reactor_continuous_20260325_150150.xlsx
Intelligent Chemical Synthesis in an Undergraduate Teaching Laboratory: Continuous Flow Synthesis of S<sub>N</sub>Ar Reaction with Automated Robot-Assisted Condition Screening,10.1021/acs.jchemed.4c01072,No,paper_results_SNAr_flow_reactor_continuous_20260325_150150.xlsx
Continuous Synthesis and Purification by Coupling a Multistep Flow Reaction with Centrifugal Partition Chromatography,10.1002/ange.201703852,Yes,paper_results_SNAr_flow_reactor_continuous_20260325_150150.xlsx
"Early-Stage Flow Process Development of a Key Intermediate toward PF-07265807, an AXL-MER Inhibitor Oncology Candidate",10.1021/acs.oprd.4c00112,No,paper_results_SNAr_flow_reactor_continuous_20260325_150150.xlsx
Machine learning directed multi-objective optimization of mixed variable chemical systems,10.1016/j.cej.2022.138443,Yes,paper_results_SNAr_flow_reactor_continuous_20260325_150150.xlsx
Process intensification in continuous flow organic synthesis with enabling and hybrid technologies,10.3389/fceng.2022.966451,Yes,paper_results_SNAr_flow_reactor_continuous_20260325_150150.xlsx
Highly enantioselective synthesis of both tetrahydroquinoxalines and dihydroquinoxalinones<i>via</i>Rh–thiourea catalyzed asymmetric hydrogenation,10.1039/d3sc00803g,Yes,paper_results_SNAr_flow_reactor_continuous_20260325_150150.xlsx
Extending practical flow chemistry into the undergraduate curriculum via the use of a portable low-cost 3D printed continuous flow system,10.1007/s41981-020-00122-5,Yes,paper_results_SNAr_flow_reactor_continuous_20260325_150150.xlsx
Digitisation of a modular plug and play 3D printed continuous flow system for chemical synthesis,10.1039/d3dd00128h,Yes,paper_results_SNAr_flow_reactor_continuous_20260325_150150.xlsx
In-flow enantioselective homogeneous organic synthesis,10.1515/gps-2021-0073,Yes,paper_results_SNAr_flow_reactor_continuous_20260325_150150.xlsx
Rapid Vortex Fluidics: Continuous Flow Synthesis of Amides and Local Anesthetic Lidocaine,10.1002/chem.201501785,No,paper_results_amide_bond_formation_continuous_flow_20260325_150343.xlsx
Pilot-Scale Continuous Production of LY2886721: Amide Formation and Reactive Crystallization,10.1021/op500204z,No,paper_results_amide_bond_formation_continuous_flow_20260325_150343.xlsx
Economically pertinent continuous amide formation by direct lipase‐catalyzed amidation with ammonia,10.1002/bit.10613,No,paper_results_amide_bond_formation_continuous_flow_20260325_150343.xlsx
Modular Continuous Flow Synthesis of Imatinib and Analogues,10.1021/acs.orglett.9b02259,Yes,paper_results_amide_bond_formation_continuous_flow_20260325_150343.xlsx
Small-Volume Continuous Manufacturing of Merestinib. Part 2. Technology Transfer and cGMP Manufacturing,10.1021/acs.oprd.8b00442,No,paper_results_amide_bond_formation_continuous_flow_20260325_150343.xlsx
Multistep synthesis of amides from alcohols and amines in continuous flow microreactor systems using oxygen and urea hydrogen peroxide as oxidants,10.1039/c3gc40407b,No,paper_results_amide_bond_formation_continuous_flow_20260325_150343.xlsx
"Synthesis of Amines, Carbamates and Amides by Multi‐Step Continuous Flow Synthesis",10.1002/ejoc.201700906,Yes,paper_results_amide_bond_formation_continuous_flow_20260325_150343.xlsx
Direct amidation of acids in a screw reactor for the continuous flow synthesis of amides,10.1039/d3cc02402d,No,paper_results_amide_bond_formation_continuous_flow_20260325_150343.xlsx
A two-step continuous flow synthesis of amides from alcohol using a metal-free catalyst,10.1039/c5ra20838f,No,paper_results_amide_bond_formation_continuous_flow_20260325_150343.xlsx
Continuous Flow Synthesis of Secondary Amides by Tandem Azidation- Amidation of Anilines,10.1055/s-0031-1291013,No,paper_results_amide_bond_formation_continuous_flow_20260325_150343.xlsx
Electrochemical Amide Bond Formation via Chemoselective Oxidation of Hemiaminals with Gold Electrocatalyst,10.1021/acselectrochem.4c00011,No,paper_results_amide_bond_formation_continuous_flow_20260325_150343.xlsx
Continuous Flow Synthesis of α-Trifluoromethylthiolated Esters and Amides from Carboxylic Acids: a Telescoped Approach,10.1021/acs.joc.1c01270,Yes,paper_results_amide_bond_formation_continuous_flow_20260325_150343.xlsx
ChemInform Abstract: Trimethylaluminum Mediated Amide Bond Formation in a Continuous Flow Microreactor as Key to the Synthesis of Rimonabant and Efaproxiral.,10.1002/chin.200828056,No,paper_results_amide_bond_formation_continuous_flow_20260325_150343.xlsx
Continuous Flow Synthesis of Amides in Bio-Derived Solvent GVL,10.2174/0115701786313379240815113722,No,paper_results_amide_bond_formation_continuous_flow_20260325_150343.xlsx
A Unified Continuous Flow Assembly‐Line Synthesis of Highly Substituted Pyrazoles and Pyrazolines,10.1002/anie.201704529,Yes,paper_results_amide_bond_formation_continuous_flow_20260325_150343.xlsx
7‐Step Flow Synthesis of the HIV Integrase Inhibitor Dolutegravir,10.1002/anie.201802256,Yes,paper_results_amide_bond_formation_continuous_flow_20260325_150343.xlsx
"Synthesis of Celecoxib, Mavacoxib, SC‐560, Fluxapyroxad, and Bixafen Enabled by Continuous Flow Reaction Modules",10.1002/ejoc.201700992,No,paper_results_amide_bond_formation_continuous_flow_20260325_150343.xlsx
Developing Continuous-Flow Microreactors as Tools for Synthetic Chemists,10.1055/s-0029-1217828,No,paper_results_amide_bond_formation_continuous_flow_20260325_150343.xlsx
A Unified Continuous Flow Assembly‐Line Synthesis of Highly Substituted Pyrazoles and Pyrazolines,10.1002/ange.201704529,No,paper_results_amide_bond_formation_continuous_flow_20260325_150343.xlsx
"Use of High-Throughput Tools for Telescoped Continuous Flow Synthesis of an Alkynylnaphthyridine Anticancer Agent, HSN608",10.1021/acs.oprd.0c00289,No,paper_results_amide_bond_formation_continuous_flow_20260325_150343.xlsx
The Microwave‐to‐Flow Paradigm: Translating High‐Temperature Batch Microwave Chemistry to Scalable Continuous‐Flow Processes,10.1002/chem.201102065,No,paper_results_batch_chemistry_to_flow_chemistry_translation_protocol_20260325_144645.xlsx
Continuous flow transformations of glycerol to valuable products: an overview,10.1186/2043-7129-2-1,Yes,paper_results_batch_chemistry_to_flow_chemistry_translation_protocol_20260325_144645.xlsx
Pushing the boundaries of C–H bond functionalization chemistry using flow technology,10.1007/s41981-020-00077-7,Yes,paper_results_batch_chemistry_to_flow_chemistry_translation_protocol_20260325_144645.xlsx
Continuous Consecutive Reactions with Inter‐Reaction Solvent Exchange by Membrane Separation,10.1002/anie.201607795,Yes,paper_results_batch_chemistry_to_flow_chemistry_translation_protocol_20260325_144645.xlsx
Batch and Continuous Flow Production of 5-Hydroxymethylfurfural from a High Concentration of Fructose Using an Acidic Ion Exchange Catalyst,10.1021/acs.oprd.9b00044,No,paper_results_batch_chemistry_to_flow_chemistry_translation_protocol_20260325_144645.xlsx
A Falling‐Film Microreactor for Enzymatic Oxidation of Glucose,10.1002/cctc.201400028,No,paper_results_batch_chemistry_to_flow_chemistry_translation_protocol_20260325_144645.xlsx
From discovery to production: Scale-out of continuous flow meso reactors,10.3762/bjoc.5.29,Yes,paper_results_batch_chemistry_to_flow_chemistry_translation_protocol_20260325_144645.xlsx
Continuous Flow Metathesis for Direct Valorization of Food Waste: An Example of Cocoa Butter Triglyceride,10.1021/acssuschemeng.5b00397,Yes,paper_results_batch_chemistry_to_flow_chemistry_translation_protocol_20260325_144645.xlsx
Continuous Consecutive Reactions with Inter‐Reaction Solvent Exchange by Membrane Separation,10.1002/ange.201607795,Yes,paper_results_batch_chemistry_to_flow_chemistry_translation_protocol_20260325_144645.xlsx
Synthesis of 3- <i>epi</i> -Hypatulin B Featuring a Late-Stage Photo-Oxidation in Flow,10.1021/acs.orglett.2c00689,No,paper_results_batch_chemistry_to_flow_chemistry_translation_protocol_20260325_144645.xlsx
Rapid Optimization of Photoredox Reactions for Continuous-Flow Systems Using Microscale Batch Technology,10.1021/acscentsci.1c00303,Yes,paper_results_batch_chemistry_to_flow_chemistry_translation_protocol_20260325_144645.xlsx
Application of a Taylor-Couette Reactor in Homogeneous Catalysis,10.3303/cet1543140,Yes,paper_results_batch_chemistry_to_flow_chemistry_translation_protocol_20260325_144645.xlsx
Continuous Flow Techniques in Organic Synthesis,10.1002/chem.200305212,No,paper_results_continuous_flow_chemistry_review_20260325_150715.xlsx
The integration of flow reactors into synthetic organic chemistry,10.1002/jctb.4012,Yes,paper_results_continuous_flow_chemistry_review_20260325_150715.xlsx
Continuous Microfluidic Reactors for Polymer Particles,10.1021/la050519e,No,paper_results_continuous_flow_chemistry_review_20260325_150715.xlsx
Continuous Flow Organic Chemistry: Successes and Pitfalls at the Interface with Current Societal Challenges,10.1002/ejoc.201800149,No,paper_results_continuous_flow_chemistry_review_20260325_150715.xlsx
Online monitoring and analysis for autonomous continuous flow self-optimizing reactor systems,10.1039/c5re00038f,No,paper_results_continuous_flow_chemistry_review_20260325_150715.xlsx
Heating under High‐Frequency Inductive Conditions: Application to the Continuous Synthesis of the Neurolepticum Olanzapine (Zyprexa),10.1002/anie.201302239,No,paper_results_continuous_flow_chemistry_review_20260325_150715.xlsx
Microstructured Reactors for Polymer Synthesis: A Renaissance of Continuous Flow Processes for Tailor‐Made Macromolecules?,10.1002/macp.200700588,Yes,paper_results_continuous_flow_chemistry_review_20260325_150715.xlsx
Forbidden Chemistries — Paths to a Sustainable Future Engaging Continuous Processing,10.1556/1846.2017.00009,Yes,paper_results_continuous_flow_chemistry_review_20260325_150715.xlsx
Continuous Hydrogenolysis of <i>N</i>-Diphenylmethyl Groups in a Micropacked-Bed Reactor,10.1021/acs.oprd.9b00416,No,paper_results_continuous_flow_chemistry_review_20260325_150715.xlsx
Clickable Polylactic Acids by Fast Organocatalytic Ring-Opening Polymerization in Continuous Flow,10.1021/acs.macromol.5b02533,Yes,paper_results_continuous_flow_chemistry_review_20260325_150715.xlsx
"Continuous Flow Photothermal Catalytic CO<sub>2</sub> Reduction: Materials, Mechanisms, and System Design",10.1021/acscatal.5c02269,No,paper_results_continuous_flow_chemistry_review_20260325_150715.xlsx
3D‐Printed Phenacrylate Decarboxylase Flow Reactors for the Chemoenzymatic Synthesis of 4‐Hydroxystilbene,10.1002/chem.201904206,Yes,paper_results_continuous_flow_chemistry_review_20260325_150715.xlsx
Towards Versatile Continuous‐Flow Chemistry and Process Technology Via New Conceptual Microreactor Systems,10.1002/bkcs.11467,No,paper_results_continuous_flow_chemistry_review_20260325_150715.xlsx
Organocatalysis Chemistry in Flow,10.2174/2213337202666150513002701,No,paper_results_continuous_flow_chemistry_review_20260325_150715.xlsx
Tropylium-promoted Ritter reactions,10.1039/d1cc02947a,No,paper_results_continuous_flow_chemistry_review_20260325_150715.xlsx
Flow parallel synthesizer for multiplex synthesis of aryl diazonium libraries via efficient parameter screening,10.1038/s42004-021-00490-6,Yes,paper_results_continuous_flow_chemistry_review_20260325_150715.xlsx
Continuous citrate‐capped gold nanoparticle synthesis in a two‐phase flow reactor,10.1007/s41981-021-00172-3,Yes,paper_results_continuous_flow_chemistry_review_20260325_150715.xlsx
Life cycle assessment and cost evaluation of emerging technologies at early stages: The case of continuous flow synthesis of Rufinamide,10.1002/amp2.10043,No,paper_results_continuous_flow_chemistry_review_20260325_150715.xlsx
"Continuous Flow Synthesis of <i>N</i>,<i>O</i>-Dimethyl-<i>N</i>′-nitroisourea Monitored by Inline Fourier Transform Infrared Spectroscopy: Bayesian Optimization and Kinetic Modeling",10.1021/acs.iecr.4c01003,No,paper_results_continuous_flow_chemistry_review_20260325_150715.xlsx
Expanding the Tool Kit of Automated Flow Synthesis: Development of In-line Flash Chromatography Purification,10.1021/acs.joc.1c01151,No,paper_results_continuous_flow_chemistry_review_20260325_150715.xlsx
Applying a continuous capillary-based process to the synthesis of 3-chloro-2-hydroxypropyl pivaloate,10.1039/c0gc00655f,No,paper_results_continuous_flow_chemistry_review_20260325_150715.xlsx
Flow Electrochemical Cyclizations via Amidyl Radicals: Easy Access to Cyclic Ureas,10.1055/s-0037-1611772,Yes,paper_results_continuous_flow_chemistry_review_20260325_150715.xlsx
Integrated Multistep Photochemical and Thermal Continuous Flow Reactions: Production of Bicyclic Lactones with Kilogram Productivity,10.1021/acs.oprd.1c00089,Yes,paper_results_continuous_flow_chemistry_review_20260325_150715.xlsx
Recent advances in 3D printing for continuous flow chemistry,10.1016/j.cogsc.2024.100923,Yes,paper_results_continuous_flow_chemistry_review_20260325_150715.xlsx
An efficient and safe platform based on the tube-in-tube reactor for implementing gas-liquid processes in flow,10.1016/j.gce.2022.12.001,Yes,paper_results_continuous_flow_chemistry_review_20260325_150715.xlsx
Diazonium Salts in Visible Light Photocatalysis – a Focused Overview of their Application in Continuous Flow Synthesis,10.1002/cptc.202400405,Yes,paper_results_continuous_flow_chemistry_review_20260325_150715.xlsx
An Overview of Silver Nanowire Polyol Synthesis Using Millifluidic Flow Reactors for Continuous Transparent Conductive Film Manufacturing by Direct Ink Writing,10.3390/nanomanufacturing5020007,Yes,paper_results_continuous_flow_chemistry_review_20260325_150715.xlsx
Automated microfluidic platform for systematic studies of colloidal perovskite nanocrystals: towards continuous nano-manufacturing,10.1039/c7lc00884h,No,paper_results_continuous_flow_chemistry_review_20260325_150715.xlsx
Translating batch electrochemistry to single-pass continuous flow conditions: an organic chemist’s guide,10.1007/s41981-019-00050-z,Yes,paper_results_continuous_flow_chemistry_review_20260325_150715.xlsx
Dimethyl Dihydroacridines as Photocatalysts in Organocatalyzed Atom Transfer Radical Polymerization of Acrylate Monomers,10.1002/anie.201910828,Yes,paper_results_continuous_flow_chemistry_review_20260325_150715.xlsx
Flow chemistry remains an opportunity for chemists and chemical engineers,10.1016/j.coche.2020.05.002,Yes,paper_results_continuous_flow_chemistry_review_20260325_150715.xlsx
Advances in continuous-flow based microfluidic PCR devices—a review,10.1088/2631-8695/abd287,No,paper_results_continuous_flow_chemistry_review_20260325_150715.xlsx
Supercritical Hydrothermal Reactions for Material Synthesis,10.1246/bcsj.20220295,No,paper_results_continuous_flow_chemistry_review_20260325_150715.xlsx
"Sampling and Analysis in Flow: The Keys to Smarter, More Controllable, and Sustainable Fine‐Chemical Manufacturing",10.1002/ange.202102009,No,paper_results_continuous_flow_chemistry_review_20260325_150715.xlsx
Reshaping Chemical Manufacturing Towards Green Process Intensification: Recent Findings and Perspectives,10.3390/pr13020459,Yes,paper_results_continuous_flow_chemistry_review_20260325_150715.xlsx
A Microreactor for Microwave-Assisted Capillary (Continuous Flow) Organic Synthesis,10.1021/ja0512069,No,paper_results_continuous_flow_chemistry_synthesis_20260325_144114.xlsx
Synthesis of Silver Nanoparticles in a Continuous Flow Tubular Microreactor,10.1021/nl0485859,No,paper_results_continuous_flow_chemistry_synthesis_20260325_144114.xlsx
Biocatalysis Using Immobilized Enzymes in Continuous Flow for the Synthesis of Fine Chemicals,10.1021/acs.oprd.8b00305,No,paper_results_continuous_flow_chemistry_synthesis_20260325_144114.xlsx
Continuous synthesis of 5-hydroxymethylfurfural from glucose using a combination of AlCl3 and HCl as catalyst in a biphasic slug flow capillary microreactor,10.1016/j.cej.2019.122754,Yes,paper_results_continuous_flow_chemistry_synthesis_20260325_144114.xlsx
Metal‐Free Photocatalytic Aerobic Oxidation of Thiols to Disulfides in Batch and Continuous‐Flow,10.1002/adsc.201401010,No,paper_results_continuous_flow_chemistry_synthesis_20260325_144114.xlsx
Continuous-Flow High Pressure Hydrogenation Reactor for Optimization and High-Throughput Synthesis,10.1021/cc050107o,No,paper_results_continuous_flow_chemistry_synthesis_20260325_144114.xlsx
Continuous‐Flow Microwave Synthesis of Metal–Organic Frameworks: A Highly Efficient Method for Large‐Scale Production,10.1002/chem.201505139,No,paper_results_continuous_flow_chemistry_synthesis_20260325_144114.xlsx
Multiphase flow processing in microreactors combined with heterogeneous catalysis for efficient and sustainable chemical synthesis,10.1016/j.cattod.2017.09.041,Yes,paper_results_continuous_flow_chemistry_synthesis_20260325_144114.xlsx
The Concept of Chemical Generators: On-Site On-Demand Production of Hazardous Reagents in Continuous Flow,10.1021/acs.accounts.0c00199,Yes,paper_results_continuous_flow_chemistry_synthesis_20260325_144114.xlsx
Investigation of Indium Phosphide Nanocrystal Synthesis Using a High‐Temperature and High‐Pressure Continuous Flow Microreactor,10.1002/anie.201006412,No,paper_results_continuous_flow_chemistry_synthesis_20260325_144114.xlsx
Investigation of Indium Phosphide Nanocrystal Synthesis Using a High‐Temperature and High‐Pressure Continuous Flow Microreactor,10.1002/ange.201006412,No,paper_results_continuous_flow_chemistry_synthesis_20260325_144114.xlsx
Safe and Efficient Tetrazole Synthesis in a Continuous‐Flow Microreactor,10.1002/anie.201006272,No,paper_results_continuous_flow_chemistry_synthesis_20260325_144114.xlsx
Synthesis and Enhanced Corrosion Protection Performance of Reduced Graphene Oxide Nanosheet/ZnAl Layered Double Hydroxide Composite Films by Hydrothermal Continuous Flow Method,10.1021/acsami.7b02580,No,paper_results_continuous_flow_chemistry_synthesis_20260325_144114.xlsx
Advanced Continuous Flow Platform for On‐Demand Pharmaceutical Manufacturing,10.1002/chem.201706004,Yes,paper_results_continuous_flow_chemistry_synthesis_20260325_144114.xlsx
Trimethylaluminium mediated amide bond formation in a continuous flow microreactor as key to the synthesis of rimonabant and efaproxiral,10.1039/b719603b,No,paper_results_continuous_flow_chemistry_synthesis_20260325_144114.xlsx
Microfluidic remote loading for rapid single-step liposomal drug preparation,10.1039/c4lc00390j,No,paper_results_continuous_flow_chemistry_synthesis_20260325_144114.xlsx
Continuous flow synthesis of ultrasmall gold nanoparticles in a microreactor using trisodium citrate and their SERS performance,10.1016/j.ces.2018.06.050,Yes,paper_results_continuous_flow_chemistry_synthesis_20260325_144114.xlsx
Solid-Phase Synthesis of Homogeneous Ruthenium Catalysts on Silica for the Continuous Asymmetric Transfer Hydrogenation Reaction,10.1002/1521-3765(20010316)7:6<1202::aid-chem1202>3.0.co;2-r,No,paper_results_continuous_flow_chemistry_synthesis_20260325_144114.xlsx
A continuous flow chemistry approach for the ultrafast and low-cost synthesis of MOF-808,10.1039/d1gc02824c,Yes,paper_results_continuous_flow_chemistry_synthesis_20260325_144114.xlsx
"Safe, efficient and selective synthesis of dinitro herbicidesvia a multifunctional continuous-flow microreactor: one-step dinitration with nitric acid as agent",10.1039/c2gc36652e,No,paper_results_continuous_flow_chemistry_synthesis_20260325_144114.xlsx
Precision Polymer Design in Microstructured Flow Reactors: Improved Control and First Upscale at Once,10.1002/macp.201600421,Yes,paper_results_continuous_flow_chemistry_synthesis_20260325_144114.xlsx
Packed‐Bed Microreactor for Continuous‐Flow Adipic Acid Synthesis from Cyclohexene and Hydrogen Peroxide,10.1002/ceat.201200703,No,paper_results_continuous_flow_chemistry_synthesis_20260325_144114.xlsx
Accessing Novel Process Windows in a High‐Temperature/Pressure Capillary Flow Reactor,10.1002/ceat.200900272,No,paper_results_continuous_flow_chemistry_synthesis_20260325_144114.xlsx
A Scalable Two-Step Continuous Flow Synthesis of Nabumetone and Related 4-Aryl-2-butanones,10.1021/op2001047,No,paper_results_continuous_flow_chemistry_synthesis_20260325_144114.xlsx
Enabling the Scale-Up of a Key Asymmetric Hydrogenation Step in the Synthesis of an API Using Continuous Flow Solid-Supported Catalysis,10.1021/acs.oprd.6b00143,Yes,paper_results_continuous_flow_chemistry_synthesis_20260325_144114.xlsx
A Continuous Flow Solution to Achieving Efficient Aerobic Anti‐Markovnikov Wacker Oxidation,10.1002/adsc.201300278,No,paper_results_continuous_flow_chemistry_synthesis_20260325_144114.xlsx
Synthesis of Hyperbranched Polyglycerol in a Continuous Flow Microreactor,10.1002/ceat.200700277,No,paper_results_continuous_flow_chemistry_synthesis_20260325_144114.xlsx
Flow Chemistry on Multigram Scale: Continuous Synthesis of Boronic Acids within 1 s,10.1021/acs.orglett.6b01681,No,paper_results_continuous_flow_chemistry_synthesis_20260325_144114.xlsx
Multiphasic Continuous‐Flow Reactors for Handling Gaseous Reagents in Organic Synthesis: Enhancing Efficiency and Safety in Chemical Processes,10.1002/anie.202316108,Yes,paper_results_continuous_flow_chemistry_synthesis_20260325_144114.xlsx
Enzymatic synthesis of chiral amino‐alcohols by coupling transketolase and transaminase‐catalyzed reactions in a cascading continuous‐flow microreactor system,10.1002/bit.26470,Yes,paper_results_continuous_flow_chemistry_synthesis_20260325_144114.xlsx
"Handling Hazards Using Continuous Flow Chemistry: Synthesis of <i>N</i><sup>1</sup>-Aryl-[1,2,3]-triazoles from Anilines via Telescoped Three-Step Diazotization, Azidodediazotization, and [3 + 2] Dipolar Cycloaddition Processes",10.1021/acs.oprd.6b00292,No,paper_results_continuous_flow_chemistry_synthesis_20260325_144114.xlsx
"The continuous flow synthesis of butane-2,3-diacetal protected building blocks using microreactors",10.1039/b924309g,Yes,paper_results_continuous_flow_chemistry_synthesis_20260325_144114.xlsx
Synthesis of cobalt ferrite nanoparticles in continuous-flow microreactors,10.1039/c2ra21799f,No,paper_results_continuous_flow_chemistry_synthesis_20260325_144114.xlsx
Synthesis of iron oxide nanoparticles in a continuous flow spiral microreactor and Corning <sup>®</sup> advanced flow™ reactor,10.1515/gps-2016-0138,Yes,paper_results_continuous_flow_chemistry_synthesis_20260325_144114.xlsx
Thermal optimisation of the Reimer–Tiemann reaction using thermochromic liquid crystals on a microfluidic reactor,10.1039/b419081e,No,paper_results_continuous_flow_chemistry_synthesis_20260325_144114.xlsx
Continuous Flow Microwave-Assisted Reaction Optimization and Scale-Up Using Fluorous Spacer Technology,10.1021/op700225u,No,paper_results_continuous_flow_chemistry_synthesis_20260325_144114.xlsx
Safe and Efficient Tetrazole Synthesis in a Continuous‐Flow Microreactor,10.1002/ange.201006272,No,paper_results_continuous_flow_chemistry_synthesis_20260325_144114.xlsx
Continuous-flow synthesis of polymer nanoparticles in a microreactor via miniemulsion photopolymerization,10.1039/c4ra06814a,No,paper_results_continuous_flow_chemistry_synthesis_20260325_144114.xlsx
"Automated, Multistep Continuous‐Flow Synthesis of 2,6‐Dideoxy and 3‐Amino‐2,3,6‐trideoxy Monosaccharide Building Blocks",10.1002/anie.202109887,Yes,paper_results_continuous_flow_chemistry_synthesis_20260325_144114.xlsx
Toward the Efficient Synthesis of Pseudoionone from Citral in a Continuous-Flow Microreactor,10.1021/acs.iecr.8b02367,No,paper_results_continuous_flow_chemistry_synthesis_20260325_144114.xlsx
Antibody–Drug Conjugate Synthesis Using Continuous Flow Microreactor Technology,10.1021/acs.oprd.2c00217,No,paper_results_continuous_flow_chemistry_synthesis_20260325_144114.xlsx
Mass spectrometric directed system for the continuous-flow synthesis and purification of diphenhydramine,10.1039/c7sc00905d,Yes,paper_results_continuous_flow_chemistry_synthesis_20260325_144114.xlsx
Solid-Supported Continuous Flow Synthesis in Microreactors Using Electroosmotic Flow,10.1021/op049857x,No,paper_results_continuous_flow_chemistry_synthesis_20260325_144114.xlsx
High Rate Convergent Synthesis and Deposition of Polyamide Dendrimers using a Continuous‐Flow Microreactor,10.1002/ceat.200600353,No,paper_results_continuous_flow_chemistry_synthesis_20260325_144114.xlsx
The Synthesis of Bromomethyltrifluoroborates through Continuous Flow Chemistry,10.1021/op400090a,No,paper_results_continuous_flow_chemistry_synthesis_20260325_144114.xlsx
Continuous-Flow Synthesis of Pigment Red 146 in a Microreactor System,10.1021/acs.iecr.9b03045,No,paper_results_continuous_flow_chemistry_synthesis_20260325_144114.xlsx
Fast and Efficient Continuous Flow Method for the Synthesis of Ynones and Pyrazoles,10.1002/ejoc.201900468,No,paper_results_continuous_flow_chemistry_synthesis_20260325_144114.xlsx
Continuous Flow Synthesis of Methyl Oximino Acetoacetate: Accessing Greener Purification Methods with Inline Liquid–Liquid Extraction and Membrane Separation Technology,10.1021/acssuschemeng.9b05954,No,paper_results_continuous_flow_chemistry_synthesis_20260325_144114.xlsx
Scalable Synthesis of Norbornadienes via <i>in situ</i> Cracking of Dicyclopentadiene Using Continuous Flow Chemistry,10.1002/ejoc.202100795,Yes,paper_results_continuous_flow_chemistry_synthesis_20260325_144114.xlsx
Continuous flow synthesis of monodisperse gold nanoparticles by liquid‐phase reduction method on glass microfluidic device,10.1049/mnl.2017.0126,No,paper_results_continuous_flow_chemistry_synthesis_20260325_144114.xlsx
Continuous flow multi-step organic synthesis,10.1039/c0sc00381f,No,paper_results_continuous_manufacturing_flow_chemistry_review_20260325_151039.xlsx
Future Production Concepts in the Chemical Industry: Modular – Small‐Scale – Continuous,10.1002/ceat.201200631,No,paper_results_continuous_manufacturing_flow_chemistry_review_20260325_151039.xlsx
Plasmonic Nanoshell Synthesis in Microfluidic Composite Foams,10.1021/nl102478q,No,paper_results_continuous_manufacturing_flow_chemistry_review_20260325_151039.xlsx
Real-Time Spectroscopic Analysis Enabling Quantitative and Safe Consumption of Fluoroform during Nucleophilic Trifluoromethylation in Flow,10.1021/acssuschemeng.7b04012,Yes,paper_results_continuous_manufacturing_flow_chemistry_review_20260325_151039.xlsx
"From alcohol to 1,2,3-triazole via a multi-step continuous-flow synthesis of a rufinamide precursor",10.1039/c6gc01133k,No,paper_results_continuous_manufacturing_flow_chemistry_review_20260325_151039.xlsx
Exploring Flow Procedures for Diazonium Formation,10.3390/molecules21070918,Yes,paper_results_continuous_manufacturing_flow_chemistry_review_20260325_151039.xlsx
A Novel and Efficient Continuous-Flow Route To Prepare Trifluoromethylated <i>N</i>-Fused Heterocycles for Drug Discovery and Pharmaceutical Manufacturing,10.1021/acs.iecr.9b01906,Yes,paper_results_continuous_manufacturing_flow_chemistry_review_20260325_151039.xlsx
Smart Dope: A Self‐Driving Fluidic Lab for Accelerated Development of Doped Perovskite Quantum Dots,10.1002/aenm.202302303,Yes,paper_results_continuous_manufacturing_flow_chemistry_review_20260325_151039.xlsx
Microfluidic Synthesis of Semiconductor Materials: Toward Accelerated Materials Development in Flow,10.1002/ppsc.202000256,No,paper_results_continuous_manufacturing_flow_chemistry_review_20260325_151039.xlsx
"Process Modeling, Simulation, and Technoeconomic Evaluation of Separation Solvents for the Continuous Pharmaceutical Manufacturing (CPM) of Diphenhydramine",10.1021/acs.oprd.6b00386,Yes,paper_results_continuous_manufacturing_flow_chemistry_review_20260325_151039.xlsx
Advances in cofactor immobilization for enhanced continuous-flow biocatalysis,10.1007/s41981-024-00315-2,Yes,paper_results_continuous_manufacturing_flow_chemistry_review_20260325_151039.xlsx
Preparation of Mono- and Diisocyanates in Flow from Renewable Carboxylic Acids,10.1021/acs.oprd.0c00167,No,paper_results_continuous_manufacturing_flow_chemistry_review_20260325_151039.xlsx
(Bio)Catalytic Continuous Flow Processes in scCO2 and/or ILs: Towards Sustainable (Bio)Catalytic Synthetic Platforms,10.2174/1570179411108060810,No,paper_results_continuous_manufacturing_flow_chemistry_review_20260325_151039.xlsx
3D Printed Reactors for Synthesis of Active Pharmaceutical Ingredients in Continuous Flow,10.1021/acs.oprd.0c00228,No,paper_results_continuous_manufacturing_flow_chemistry_review_20260325_151039.xlsx
Fabrication and Characterization of a Low-Cost Microfluidic System for the Manufacture of Alginate–Lacasse Microcapsules,10.3390/polym12051158,Yes,paper_results_continuous_manufacturing_flow_chemistry_review_20260325_151039.xlsx
Commercial-Scale Visible Light Trifluoromethylation of 2-Chlorothiophenol Using CF <sub>3</sub> I Gas,10.1021/acs.oprd.1c00436,No,paper_results_continuous_manufacturing_flow_chemistry_review_20260325_151039.xlsx
Micro-electro-flow reactor (μ-EFR) system for ultra-fast arene synthesis and manufacture of daclatasvir,10.1039/c9cc06127d,No,paper_results_continuous_manufacturing_flow_chemistry_review_20260325_151039.xlsx
Continuous Processing of Concentrated Organolithiums in Flow Using Static and Dynamic Spinning Disc Reactor Technologies,10.1021/acs.oprd.2c00007,Yes,paper_results_continuous_manufacturing_flow_chemistry_review_20260325_151039.xlsx
De novo construction of amine-functionalized metal-organic cages as heterogenous catalysts for microflow catalysis,10.1038/s41467-024-51431-5,Yes,paper_results_continuous_manufacturing_flow_chemistry_review_20260325_151039.xlsx
Strategies for Using Microreactors and Flow Chemistry: Drivers and Tools,10.1002/ceat.201200578,No,paper_results_continuous_manufacturing_flow_chemistry_review_20260325_151039.xlsx
A Continuous Process for Manufacturing Apremilast. Part I: Process Development and Intensification by Utilizing Flow Chemistry Principles,10.1021/acs.oprd.3c00400,No,paper_results_continuous_manufacturing_flow_chemistry_review_20260325_151039.xlsx
Cognitively Driven Autonomous Flow Chemistry for Producing On‐Demand Perovskite Quantum Dots Via Advanced Closed‐Loop Feedback Control,10.1002/smtd.202400094,Yes,paper_results_continuous_manufacturing_flow_chemistry_review_20260325_151039.xlsx
Recent advances in the synthesis of supported metathesis catalysts,10.1039/b315236g,No,paper_results_continuous_manufacturing_flow_chemistry_review_20260325_151039.xlsx
On‐Demand Production of Flow‐Reactor Cartridges by 3D Printing of Thermostable Enzymes,10.1002/anie.201711072,Yes,paper_results_continuous_manufacturing_flow_chemistry_review_20260325_151039.xlsx
Sustainability and Techno-Economic Assessment of Batch and Flow Chemistry in Seven Industrial Pharmaceutical Processes,10.1021/acssuschemeng.4c09289,Yes,paper_results_continuous_manufacturing_flow_chemistry_review_20260325_151039.xlsx
Novel Technique for Filtration Avoidance in Continuous Crystallization,10.1021/acs.cgd.5b01231,No,paper_results_continuous_manufacturing_flow_chemistry_review_20260325_151039.xlsx
"Characterization of aerosol photooxidation flow reactors: heterogeneous oxidation, secondary organic aerosol formation and cloud condensation nuclei activity measurements",10.5194/amt-4-445-2011,Yes,paper_results_flow_chemistry_reactor_design_20260325_144321.xlsx
Combining Enabling Techniques in Organic Synthesis: Continuous Flow Processes with Heterogenized Catalysts,10.1002/chem.200600236,No,paper_results_flow_chemistry_reactor_design_20260325_144321.xlsx
Experimental measurements and kinetic modeling of CO/H<sub>2</sub>/O<sub>2</sub>/NO<sub>x</sub> conversion at high pressure,10.1002/kin.20327,No,paper_results_flow_chemistry_reactor_design_20260325_144321.xlsx
Design and Packaging of Microreactors for High Pressure and High Temperature Applications,10.1021/ie101346u,Yes,paper_results_flow_chemistry_reactor_design_20260325_144321.xlsx
Mixing and Dispersion in Small-Scale Flow Systems,10.1021/op200349f,No,paper_results_flow_chemistry_reactor_design_20260325_144321.xlsx
The Influence of Residence Time Distribution on Continuous-Flow Polymerization,10.1021/acs.macromol.9b00454,No,paper_results_flow_chemistry_reactor_design_20260325_144321.xlsx
Catalytic Transformation of Biomass Derivatives to Value‐Added Chemicals and Fuels in Continuous Flow Microreactors,10.1002/cctc.201900807,Yes,paper_results_flow_chemistry_reactor_design_20260325_144321.xlsx
High-Throughput Process for the Discovery of Antimicrobial Polymers and Their Upscaled Production via Flow Polymerization,10.1021/acs.macromol.9b02207,Yes,paper_results_flow_chemistry_reactor_design_20260325_144321.xlsx
Flash Chemistry Extensively Optimized: High‐Temperature Swern–Moffatt Oxidation in an Automated Microreactor Platform,10.1002/asia.200900705,No,paper_results_flow_chemistry_reactor_design_20260325_144321.xlsx
Continuous In Situ Synthesis of ZnSe/ZnS Core/Shell Quantum Dots in a Microfluidic Reaction System and its Application for Light‐Emitting Diodes,10.1002/smll.201200773,Yes,paper_results_flow_chemistry_reactor_design_20260325_144321.xlsx
Systematic design of chemical oscillators. Part 7. An iodine-free chlorite-based oscillator. The chlorite-thiosulfate reaction in a continuous flow stirred tank reactor,10.1021/j100393a001,No,paper_results_flow_chemistry_reactor_design_20260325_144321.xlsx
A joint model-based experimental design approach for the identification of kinetic models in continuous flow laboratory reactors,10.1016/j.compchemeng.2016.05.009,Yes,paper_results_flow_chemistry_reactor_design_20260325_144321.xlsx
Simple and scalable fabrication of hairy ZnO@ZnS core@shell Cu cables for continuous sunlight-driven photocatalytic water remediation,10.1016/j.cej.2020.126164,Yes,paper_results_flow_chemistry_reactor_design_20260325_144321.xlsx
Fixed Bed Continuous Hydrogenations in Trickle Flow Mode: A Pharmaceutical Industry Perspective,10.1021/acs.oprd.2c00034,No,paper_results_flow_chemistry_reactor_design_20260325_144321.xlsx
A Microchemical System with Continuous Recovery and Recirculation of Catalyst‐Immobilized Magnetic Particles,10.1002/anie.201002490,No,paper_results_flow_chemistry_reactor_design_20260325_144321.xlsx
"Plasma-Activated Mist: Continuous-Flow, Scalable Nitrogen Fixation, and Aeroponics",10.1021/acssuschemeng.2c07324,No,paper_results_flow_chemistry_reactor_design_20260325_144321.xlsx
Design of a novel continuous flow reactor for low pH viral inactivation,10.1002/bit.26497,No,paper_results_flow_chemistry_reactor_design_20260325_144321.xlsx
Operation and Optimization of Microwave-Heated Continuous-Flow Microfluidics,10.1021/acs.iecr.0c01650,Yes,paper_results_flow_chemistry_reactor_design_20260325_144321.xlsx
Multijet Oscillating Disc Millireactor: A Novel Approach for Continuous Flow Organic Synthesis,10.1021/op2000699,No,paper_results_flow_chemistry_reactor_design_20260325_144321.xlsx
Microfluidic multi-input reactor for biocatalytic synthesis using transketolase,10.1016/j.molcatb.2013.05.016,Yes,paper_results_flow_chemistry_reactor_design_20260325_144321.xlsx
An open source toolkit for 3D printed fluidics,10.1007/s41981-020-00117-2,Yes,paper_results_flow_chemistry_reactor_design_20260325_144321.xlsx
Demystifying the Flow: Biocatalytic Reaction Intensification in Microstructured Enzyme Reactors,10.1002/biot.201800244,No,paper_results_flow_chemistry_reactor_design_20260325_144321.xlsx
Solar Disinfection Kinetic Design Parameters for Continuous Flow Reactors,10.1115/1.2391316,No,paper_results_flow_chemistry_reactor_design_20260325_144321.xlsx
Flow‐based reactor design for the continuous production of polymeric nanoparticles,10.1002/aic.16840,No,paper_results_flow_chemistry_reactor_design_20260325_144321.xlsx
Dynamic Methods in Catalytic Reaction Engineering: Applications to the Investigation of the NH<sub>3</sub> Selective Catalytic Reduction Reactions for Diesel Emission Control,10.1021/ie100507z,No,paper_results_flow_chemistry_reactor_design_20260325_144321.xlsx
Autonomous continuous flow reactor synthesis for scalable atom-precision,10.1016/j.cartre.2022.100234,Yes,paper_results_flow_chemistry_reactor_design_20260325_144321.xlsx
Throughput Optimization of Molybdenum Carbide Nanoparticle Catalysts in a Continuous Flow Reactor Using Design of Experiments,10.1021/acsanm.1c02916,Yes,paper_results_flow_chemistry_reactor_design_20260325_144321.xlsx
Protocell Flow Reactors for Enzyme and Whole‐Cell Mediated Biocatalysis,10.1002/adma.202404607,Yes,paper_results_flow_chemistry_reactor_design_20260325_144321.xlsx
Design of a continuous-flow reactor for <i>in situ</i> x-ray absorption spectroscopy of solids in supercritical fluids,10.1063/1.4719921,Yes,paper_results_flow_chemistry_reactor_design_20260325_144321.xlsx
An Eight-Step Continuous-Flow Total Synthesis of Vitamin B1,10.1016/j.eng.2023.01.016,Yes,paper_results_flow_chemistry_reactor_design_20260325_144321.xlsx
Memory of chirality in a room temperature flow electrochemical reactor,10.1038/s41598-020-73957-6,Yes,paper_results_flow_chemistry_reactor_design_20260325_144321.xlsx
Development of a process for the direct synthesis of hydrogen peroxide in a novel microstructured reactor,,Yes,paper_results_flow_chemistry_reactor_design_20260325_144321.xlsx
Optimization of Lipid-Based Nanoparticles Formulation Loaded with Biological Product Using A Novel Design Vortex Tube Reactor via Flow Chemistry,10.2147/ijn.s474775,Yes,paper_results_flow_chemistry_reactor_design_20260325_144321.xlsx
Continuous flow microreactor for protein PEGylation,10.1063/1.5030984,Yes,paper_results_flow_chemistry_reactor_design_20260325_144321.xlsx
First generation of translucent monoliths for photochemical applications,10.1002/amp2.10047,Yes,paper_results_flow_chemistry_reactor_design_20260325_144321.xlsx
Novel Process Windows – Gate to Maximizing Process Intensification via Flow Chemistry,10.1002/ceat.200900474,No,paper_results_flow_chemistry_reactor_design_20260325_144321.xlsx
"Modeling the Radical Chemistry in an Oxidation Flow Reactor: Radical Formation and Recycling, Sensitivities, and the OH Exposure Estimation Equation",10.1021/jp509534k,No,paper_results_flow_chemistry_reactor_design_20260325_144321.xlsx
Non-OH chemistry in oxidation flow reactors for the study of atmospheric chemistry systematically examined by modeling,10.5194/acp-16-4283-2016,Yes,paper_results_flow_chemistry_reactor_design_20260325_144321.xlsx
HO <sub>x</sub> radical chemistry in oxidation flow reactors with low-pressure mercury lamps systematically examined by modeling,10.5194/amt-8-4863-2015,Yes,paper_results_flow_chemistry_reactor_design_20260325_144321.xlsx
The Right Light: De Novo Design of a Robust Modular Photochemical Reactor for Optimum Batch and Flow Chemistry,10.1002/cptc.201900203,Yes,paper_results_flow_chemistry_reactor_design_20260325_144321.xlsx
Open-source 3D printed reactors for reproducible batch and continuous-flow photon-induced chemistry: design and characterization,10.1039/d4re00081a,Yes,paper_results_flow_chemistry_reactor_design_20260325_144321.xlsx
Automated stopped-flow library synthesis for rapid optimisation and machine learning directed experimentation,10.1039/d2sc03016k,Yes,paper_results_flow_chemistry_reactor_design_20260325_144321.xlsx
Flow chemistry experiments in the undergraduate teaching laboratory: synthesis of diazo dyes and disulfides,10.1007/s41981-020-00118-1,Yes,paper_results_flow_chemistry_reactor_design_20260325_144321.xlsx
A pressure-tolerant polymer microfluidic device fabricated by the simultaneous solidification-bonding method and flash chemistry application,10.1039/c4lc00560k,Yes,paper_results_flow_chemistry_reactor_design_20260325_144321.xlsx
A Convergent Continuous Multistep Process for the Preparation of C<sub>4</sub>-Oxime-Substituted Thiazoles,10.1021/acs.oprd.8b00095,No,paper_results_flow_chemistry_reactor_design_20260325_144321.xlsx
Continuous <i>N</i>‐Hydroxyphthalimide (NHPI)‐Mediated Electrochemical Aerobic Oxidation of Benzylic C−H Bonds,10.1002/chem.201802588,Yes,paper_results_flow_chemistry_review_pharmaceutical_synthesis_20260325_150927.xlsx
Synthesis of Monodisperse Chitosan Nanoparticles and in Situ Drug Loading Using Active Microreactor,10.1021/acsami.5b05100,No,paper_results_flow_chemistry_review_pharmaceutical_synthesis_20260325_150927.xlsx
"A General, One-Step Synthesis of Substituted Indazoles using a Flow Reactor",10.1021/op100288t,No,paper_results_flow_chemistry_review_pharmaceutical_synthesis_20260325_150927.xlsx
Student-Fabricated Microfluidic Devices as Flow Reactors for Organic and Inorganic Synthesis,10.1021/ed5005307,No,paper_results_flow_chemistry_review_pharmaceutical_synthesis_20260325_150927.xlsx
Micro reactor and flow chemistry for industrial applications in drug discovery and development,10.1515/gps-2012-0008,Yes,paper_results_flow_chemistry_review_pharmaceutical_synthesis_20260325_150927.xlsx
Continuous Flow Organophosphorus Chemistry,10.1002/ejoc.202000430,No,paper_results_flow_chemistry_review_pharmaceutical_synthesis_20260325_150927.xlsx
Scaling-up of carbon dots hydrothermal synthesis from sugars in a continuous flow microreactor system for biomedical application as <i>in vitro</i> antimicrobial drug nanocarrier,10.1080/14686996.2023.2260298,Yes,paper_results_flow_chemistry_review_pharmaceutical_synthesis_20260325_150927.xlsx
Flow chemistry as green technology for the genesis and use of organometallic reagents in the synthesis of key building blocks and APIs – An update,10.1016/j.tgchem.2023.100015,Yes,paper_results_flow_chemistry_review_pharmaceutical_synthesis_20260325_150927.xlsx
Continuous‐Flow Amide and Ester Reductions Using Neat Borane Dimethylsulfide Complex,10.1002/cssc.201903459,Yes,paper_results_flow_chemistry_review_pharmaceutical_synthesis_20260325_150927.xlsx
From Immobilization to Catalyst Use: A Complete Continuous‐Flow Approach Towards the Use of Immobilized Organocatalysts,10.1002/cctc.201901129,No,paper_results_flow_chemistry_review_pharmaceutical_synthesis_20260325_150927.xlsx
Scale-Up of Diazonium Salts and Azides in a Three-Step Continuous Flow Sequence,10.1021/acs.oprd.2c00016,No,paper_results_flow_chemistry_review_pharmaceutical_synthesis_20260325_150927.xlsx
Lipase‐catalyzed synthesis of secondary glucose esters under continuous flow conditions,10.1002/ejlt.201200321,No,paper_results_flow_chemistry_review_pharmaceutical_synthesis_20260325_150927.xlsx
Application of Continuous Flow Micromixing Reactor Technology for Synthesis of Benzimidazole Drugs,10.1021/op300325f,No,paper_results_flow_chemistry_review_pharmaceutical_synthesis_20260325_150927.xlsx
Typical Cases of Continuous Flow Chemistry in Pharmaceutical Synthesis in 2023–2024,10.1002/ajoc.202500132,Yes,paper_results_flow_chemistry_review_pharmaceutical_synthesis_20260325_150927.xlsx
Vesicle-based artificial cells as chemical microreactors with spatially segregated reaction pathways,10.1038/ncomms6305,Yes,paper_results_flow_chemistry_review_pharmaceutical_synthesis_20260325_150927.xlsx
"Synthesis of Organic Compounds Using Polymer-Supported Reagents, Catalysts, and/or Scavengers in Benchtop Flow Systems",10.1021/ie040285e,No,paper_results_flow_chemistry_review_pharmaceutical_synthesis_20260325_150927.xlsx
Evaluating the Impact of a Decade of Funding from the Green Chemistry Institute Pharmaceutical Roundtable,10.1021/acs.oprd.8b00237,No,paper_results_flow_chemistry_review_pharmaceutical_synthesis_20260325_150927.xlsx
On the Potential of Organic Solvent Nanofiltration in Continuous Heck Coupling Reactions,10.1021/op400073p,No,paper_results_flow_chemistry_review_pharmaceutical_synthesis_20260325_150927.xlsx
Evaluating the Green Credentials of Flow Chemistry towards Industrial Applications,10.1055/a-1541-1761,Yes,paper_results_flow_chemistry_review_pharmaceutical_synthesis_20260325_150927.xlsx
Continuous Flow and Microwave‐Assisted Vorbrüggen Glycosylations: Historical Perspective to High‐Throughput Strategies,10.1002/ajoc.201402119,No,paper_results_flow_chemistry_review_pharmaceutical_synthesis_20260325_150927.xlsx
Synthesis of Poly(ϵ-caprolactone) Microreactors from Freeze-Dried Microspheres,10.1080/03602559.2012.700359,No,paper_results_flow_chemistry_review_pharmaceutical_synthesis_20260325_150927.xlsx
CO Oxidation on Pt(110): Scanning Tunneling Microscopy Inside a High-Pressure Flow Reactor,10.1103/physrevlett.89.046101,Yes,paper_results_heterogeneous_catalysis_continuous_flow_20260325_145523.xlsx
Fast oxidation of sulfur dioxide by hydrogen peroxide in deliquesced aerosol particles,10.1073/pnas.1916401117,Yes,paper_results_heterogeneous_catalysis_continuous_flow_20260325_145523.xlsx
Immobilized Transition Metals as Catalysts for Cross‐Couplings in Continuous Flow—A Critical Assessment of the Reaction Mechanism and Metal Leaching,10.1002/cctc.201402483,No,paper_results_heterogeneous_catalysis_continuous_flow_20260325_145523.xlsx
Continuous Heterogeneous Photocatalysis in Serial Micro‐Batch Reactors,10.1002/anie.201712568,No,paper_results_heterogeneous_catalysis_continuous_flow_20260325_145523.xlsx
Pickering Emulsion-Derived Liquid–Solid Hybrid Catalyst for Bridging Homogeneous and Heterogeneous Catalysis,10.1021/jacs.8b11860,No,paper_results_heterogeneous_catalysis_continuous_flow_20260325_145523.xlsx
Mechanistic Insights into Copper(I)‐Catalyzed Azide‐Alkyne Cycloadditions using Continuous Flow Conditions,10.1002/adsc.200900726,No,paper_results_heterogeneous_catalysis_continuous_flow_20260325_145523.xlsx
Water Is the Oxygen Source for Methanol Produced in Partial Oxidation of Methane in a Flow Reactor over Cu-SSZ-13,10.1021/jacs.0c03283,No,paper_results_heterogeneous_catalysis_continuous_flow_20260325_145523.xlsx
Nanocatalysis in continuous flow: supported iron oxide nanoparticles for the heterogeneous aerobic oxidation of benzyl alcohol,10.1039/c3gc40307f,Yes,paper_results_heterogeneous_catalysis_continuous_flow_20260325_145523.xlsx
Palladium-Catalyzed Suzuki–Miyaura Cross-Coupling in Continuous Flow,10.3390/catal7050146,Yes,paper_results_heterogeneous_catalysis_continuous_flow_20260325_145523.xlsx
Heterogeneous catalysis with continuous flow microreactors,10.1039/c2cy20260c,No,paper_results_heterogeneous_catalysis_continuous_flow_20260325_145523.xlsx
"Highly Efficient 1,4‐Addition of Aldehydes to Nitroolefins: Organocatalysis in Continuous Flow by Solid‐Supported Peptidic Catalysts",10.1002/cssc.201100332,No,paper_results_heterogeneous_catalysis_continuous_flow_20260325_145523.xlsx
Enzyme-based biohybrid foams designed for continuous flow heterogeneous catalysis and biodiesel production,10.1039/c1ee01295a,Yes,paper_results_heterogeneous_catalysis_continuous_flow_20260325_145523.xlsx
Metal organic frameworks as solid catalysts for liquid-phase continuous flow reactions,10.1039/c9cc07953j,Yes,paper_results_heterogeneous_catalysis_continuous_flow_20260325_145523.xlsx
Continuous-Flow Processes in Heterogeneously Catalyzed Transformations of Biomass Derivatives into Fuels and Chemicals,10.3390/challe3020114,Yes,paper_results_heterogeneous_catalysis_continuous_flow_20260325_145523.xlsx
"A continuous flow process for the production of 2,5-dimethylfuran from fructose using (non-noble metal based) heterogeneous catalysis",10.1039/c7gc01055a,Yes,paper_results_heterogeneous_catalysis_continuous_flow_20260325_145523.xlsx
Continuous Flow Sonogashira C–C Coupling Using a Heterogeneous Palladium–Copper Dual Reactor,10.1021/ol303046e,No,paper_results_heterogeneous_catalysis_continuous_flow_20260325_145523.xlsx
Development of a continuous-flow tubular reactor for synthesis of 5-hydroxymethylfurfural from fructose using heterogeneous solid acid catalysts in biphasic reaction medium,10.1039/d0nj05978a,No,paper_results_heterogeneous_catalysis_continuous_flow_20260325_145523.xlsx
Parallel array of nanochannels grafted with polymer-brushes-stabilized Au nanoparticles for flow-through catalysis,10.1039/c3nr03901c,No,paper_results_heterogeneous_catalysis_continuous_flow_20260325_145523.xlsx
"Sonochemical preparation of alumina-spheres loaded with Pd nanoparticles for 2-butyne-1,4-diol semi-hydrogenation in a continuous flow microwave reactor",10.1039/c8ra00331a,Yes,paper_results_heterogeneous_catalysis_continuous_flow_20260325_145523.xlsx
Hierarchical silica monoliths with submicron macropores as continuous-flow microreactors for reaction kinetic and mechanistic studies in heterogeneous catalysis,10.1039/c8re00037a,No,paper_results_heterogeneous_catalysis_continuous_flow_20260325_145523.xlsx
Heterogeneous Catalysts “on the Move”: Flow Chemistry with Fluid Immobilised (Bio)Catalysts,10.1002/ejoc.202000705,Yes,paper_results_heterogeneous_catalysis_continuous_flow_20260325_145523.xlsx
MOF-based heterogeneous catalysis in continuous flow <i>via</i> incorporation onto polymer-based spherical activated carbon supports,10.1039/d3nr03634k,Yes,paper_results_heterogeneous_catalysis_continuous_flow_20260325_145523.xlsx
N-Doped carbon as a solid base catalyst for continuous flow Knoevenagel condensation,10.1039/d1re00016k,No,paper_results_heterogeneous_catalysis_continuous_flow_20260325_145523.xlsx
Liquid-phase Catalytic Continuous-Flow Aromatic Nitration Reactions with Conc. HNO<sub>3</sub> on Modified Mixed-Metal Oxide Composites as High-Yielding Solid Acid Catalysts,10.1021/acssuschemeng.2c04616,No,paper_results_heterogeneous_catalysis_continuous_flow_20260325_145523.xlsx
Heterogeneous Pd catalysts as emulsifiers in Pickering emulsions for integrated multistep synthesis in flow chemistry,10.3762/bjoc.14.52,Yes,paper_results_heterogeneous_catalysis_continuous_flow_20260325_145523.xlsx
Sustainable synthesis of L-phenylalanine derivatives in continuous flow by immobilized phenylalanine ammonia lyase,10.3389/fctls.2023.1147205,Yes,paper_results_heterogeneous_catalysis_continuous_flow_20260325_145523.xlsx
A Telescoped Photo-/Organo-Catalyzed Cross Dehydrogenative Coupling (CDC) between Glycine Derivatives and Ketones to Afford Nonproteinogenic Amino Acids (NPAAs) Enabled by Heterogeneous Continuous Flow Catalysis,10.1021/acssuschemeng.4c05931,Yes,paper_results_heterogeneous_catalysis_continuous_flow_20260325_145523.xlsx
Heterogeneous metallaphotoredox catalysis in a continuous-flow packed-bed reactor,10.3762/bjoc.18.115,Yes,paper_results_heterogeneous_catalysis_continuous_flow_20260325_145523.xlsx
Continuous Hydrogenation: Triphasic System Optimization at Kilo Lab Scale Using a Slurry Solution,10.3389/fceng.2021.701910,Yes,paper_results_heterogeneous_catalysis_continuous_flow_20260325_145523.xlsx
“On‐The‐Fly” Synthesis of Self‐Supported LDH Hollow Structures Through Controlled Microfluidic Reaction‐Diffusion Conditions,10.1002/smll.202307621,Yes,paper_results_heterogeneous_catalysis_continuous_flow_20260325_145523.xlsx
Heterogeneous Catalysis under Continuous Flow Conditions,10.2174/0113852728268688230921105908,No,paper_results_heterogeneous_catalysis_continuous_flow_20260325_145523.xlsx
Oxidation of Alcohols in Continuous Flow with a Solid Phase Hypervalent Iodine Catalyst,10.1002/chem.202304011,Yes,paper_results_heterogeneous_catalysis_continuous_flow_20260325_145523.xlsx
Evaluation of Heterogeneous Catalytic Ozonation Process for the Removal of Micropollutants from Water/Wastewater: Application of a Novel Pilot-Scale Continuous Flow System,10.3390/catal13050899,Yes,paper_results_heterogeneous_catalysis_continuous_flow_20260325_145523.xlsx
NMR Imaging of Catalytic Hydrogenation in Microreactors with the Use of para-Hydrogen,10.1126/science.1151787,No,paper_results_heterogeneous_catalysis_continuous_flow_20260325_145523.xlsx
Environmentally Friendly Synthesis of γ-Valerolactone by Direct Catalytic Conversion of Renewable Sources,10.1021/cs501922e,No,paper_results_heterogeneous_catalysis_continuous_flow_20260325_145523.xlsx
Addressing the quantitative conversion bottleneck in single-atom catalysis,10.1038/s41467-022-30551-w,Yes,paper_results_heterogeneous_catalysis_continuous_flow_20260325_145523.xlsx
Heterogeneous catalysis in an oscillatory baffled flow reactor,10.1039/c3cy00282a,No,paper_results_heterogeneous_catalysis_continuous_flow_20260325_145523.xlsx
Electrochemically Responsive Heterogeneous Catalysis for Controlling Reaction Kinetics,10.1021/ja512224g,No,paper_results_heterogeneous_catalysis_continuous_flow_20260325_145523.xlsx
Liquid phase aromatization of bio-based ketones over a stable solid acid catalyst under batch and continuous flow conditions,10.1016/j.catcom.2022.106402,Yes,paper_results_heterogeneous_catalysis_continuous_flow_20260325_145523.xlsx
Palladium nanoparticle deposition on spherical carbon supports for heterogeneous catalysis in continuous flow,10.1039/d3cy01718d,Yes,paper_results_heterogeneous_catalysis_continuous_flow_20260325_145523.xlsx
Chemical Amplification: Continuous-Flow PCR on a Chip,10.1126/science.280.5366.1046,No,paper_results_high_temperature_flow_synthesis_20260325_150554.xlsx
The reaction kinetics of dimethyl ether. I: High-temperature pyrolysis and oxidation in flow reactors,10.1002/1097-4601(2000)32:12<713::aid-kin1>3.0.co;2-9,No,paper_results_high_temperature_flow_synthesis_20260325_150554.xlsx
High-Temperature Microfluidic Synthesis of CdSe Nanocrystals in Nanoliter Droplets,10.1021/ja051381p,Yes,paper_results_high_temperature_flow_synthesis_20260325_150554.xlsx
Reaction Kinetics of Amino Acid Decomposition in High-Temperature and High-Pressure Water,10.1021/ie020733n,No,paper_results_high_temperature_flow_synthesis_20260325_150554.xlsx
Continuous Production of Cu<sub>2</sub>ZnSnS<sub>4</sub> Nanocrystals in a Flow Reactor,10.1021/ja209688a,No,paper_results_high_temperature_flow_synthesis_20260325_150554.xlsx
A Microfabricated Gas–Liquid Segmented Flow Reactor for High‐Temperature Synthesis: The Case of CdSe Quantum Dots,10.1002/ange.200500792,No,paper_results_high_temperature_flow_synthesis_20260325_150554.xlsx
Access to small size distributions of nanoparticles by microwave-assisted synthesis. Formation of Ag nanoparticles in aqueous carboxymethylcellulose solutions in batch and continuous-flow reactors,10.1039/c0nr00141d,No,paper_results_high_temperature_flow_synthesis_20260325_150554.xlsx
Production of hydrogen and carbon black by methane decomposition using DC-RF hybrid thermal plasmas,10.1109/tps.2005.844526,No,paper_results_high_temperature_flow_synthesis_20260325_150554.xlsx
Radiation-Induced Bladder Tumors,10.1016/s0022-5347(17)57880-5,No,paper_results_high_temperature_flow_synthesis_20260325_150554.xlsx
The preparation of a series of nitrostilbene ester compounds using micro reactor technology,10.1039/b006728h,No,paper_results_high_temperature_flow_synthesis_20260325_150554.xlsx
A Continuous-Flow Microwave Reactor for Conducting High-Temperature and High-Pressure Chemical Reactions,10.1021/op400026g,No,paper_results_high_temperature_flow_synthesis_20260325_150554.xlsx
External Trapping of Halomethyllithium Enabled by Flow Microreactors,10.1002/adsc.201400747,Yes,paper_results_high_temperature_flow_synthesis_20260325_150554.xlsx
Dichloromethyllithium: Synthesis and Application in Continuous Flow Mode,10.1021/acs.orglett.6b03753,No,paper_results_high_temperature_flow_synthesis_20260325_150554.xlsx
"2‐<i>tert</i>‐Butylimino‐2‐diethylamino‐1,3‐dimethylperhydro‐1,3,2‐ diazaphosphorine Supported on Polystyrene (PS‐BEMP) as an Efficient Recoverable and Reusable Catalyst for the Phenolysis of Epoxides under Solvent‐Free Conditions",10.1002/adsc.201000375,No,paper_results_high_temperature_flow_synthesis_20260325_150554.xlsx
Continuous‐Flow Synthesis of Adipic Acid from Cyclohexene Using Hydrogen Peroxide in High‐Temperature Explosive Regimes,10.1002/cssc.201300197,No,paper_results_high_temperature_flow_synthesis_20260325_150554.xlsx
Synthesis of Fused Pyrimidinone and Quinolone Derivatives in an Automated High-Temperature and High-Pressure Flow Reactor,10.1021/acs.joc.6b02520,No,paper_results_high_temperature_flow_synthesis_20260325_150554.xlsx
"High temperature continuous flow synthesis of CdSe/CdS/ZnS, CdS/ZnS, and CdSeS/ZnS nanocrystals",10.1039/c5nr04510j,No,paper_results_high_temperature_flow_synthesis_20260325_150554.xlsx
Continuous Flow Synthesis under High-Temperature/High-Pressure Conditions Using a Resistively Heated Flow Reactor,10.1021/acs.oprd.7b00063,No,paper_results_high_temperature_flow_synthesis_20260325_150554.xlsx
Continuous Flow Synthesis of <i>n</i>-Alkyl Chlorides in a High-Temperature Microreactor Environment,10.1021/op300273u,No,paper_results_high_temperature_flow_synthesis_20260325_150554.xlsx
High temperature flow synthesis of iron oxide nanoparticles: Size tuning via reactor engineering,10.1016/j.cej.2023.144542,Yes,paper_results_high_temperature_flow_synthesis_20260325_150554.xlsx
High‐Temperature Synthesis of Amides from Alcohols or Aldehydes by Using Flow Chemistry,10.1002/ejoc.201403280,No,paper_results_high_temperature_flow_synthesis_20260325_150554.xlsx
Study on the Microwave-Assisted Batch and Continuous Flow Synthesis of N-Alkyl-Isoindolin-1-One-3-Phosphonates by a Special Kabachnik–Fields Condensation,10.3390/molecules25143307,Yes,paper_results_high_temperature_flow_synthesis_20260325_150554.xlsx
A Continuous Flow Cell for High‐Temperature/High‐Pressure Electroorganic Synthesis,10.1002/celc.202000696,Yes,paper_results_high_temperature_flow_synthesis_20260325_150554.xlsx
Exploratory Process Development of a High-Temperature Thermal (3 + 2) Cycloaddition in Continuous Flow for the Synthesis of Seltorexant,10.1021/acs.oprd.3c00113,No,paper_results_high_temperature_flow_synthesis_20260325_150554.xlsx
Nafion‐H‐Catalyzed High‐Temperature/High‐Pressure Synthesis of a Triarylmethane in Continuous‐Flow Mode,10.1002/ceat.201400581,No,paper_results_high_temperature_flow_synthesis_20260325_150554.xlsx
Dry reforming of methane by stable Ni–Mo nanocatalysts on single-crystalline MgO,10.1126/science.aav2412,No,paper_results_high_temperature_flow_synthesis_20260325_150554.xlsx
Chemistry of Furan Conversion into Aromatics and Olefins over HZSM-5: A Model Biomass Conversion Reaction,10.1021/cs200103j,Yes,paper_results_high_temperature_flow_synthesis_20260325_150554.xlsx
Large-scale production of single-walled carbon nanotubes by induction thermal plasma,10.1088/0022-3727/40/8/s17,No,paper_results_high_temperature_flow_synthesis_20260325_150554.xlsx
Heterogeneous Versus Homogeneous Palladium Catalysts for Ligandless Mizoroki–Heck Reactions: A Comparison of Batch/Microwave and Continuous‐Flow Processing,10.1002/chem.200802200,No,paper_results_high_temperature_flow_synthesis_20260325_150554.xlsx
Solar-Driven Coal Gasification in a Thermally Irradiated Packed-Bed Reactor,10.1021/ef800027c,No,paper_results_high_temperature_flow_synthesis_20260325_150554.xlsx
Plasma Synthesis of Large Quantities of Zinc Oxide Nanorods,10.1021/jp065390b,Yes,paper_results_high_temperature_flow_synthesis_20260325_150554.xlsx
Continuous flow reactions in the preparation of active pharmaceutical ingredients and fine chemicals,10.1039/d4cc00418c,No,paper_results_high_temperature_flow_synthesis_20260325_150554.xlsx
Flash Chemistry: Fast Chemical Synthesis by Using Microreactors,10.1002/chem.200800582,No,paper_results_microreactor_synthesis_organic_chemistry_20260325_144913.xlsx
Multistep Continuous‐Flow Microchemical Synthesis Involving Multiple Reactions and Separations,10.1002/anie.200701434,No,paper_results_microreactor_synthesis_organic_chemistry_20260325_144913.xlsx
Supported Catalysis in Continuous‐Flow Microreactors,10.1002/adsc.201401081,Yes,paper_results_microreactor_synthesis_organic_chemistry_20260325_144913.xlsx
Heterogeneous catalytic synthesis using microreactor technology,10.1039/c0gc00133c,No,paper_results_microreactor_synthesis_organic_chemistry_20260325_144913.xlsx
Electroorganic Synthesis under Flow Conditions,10.1021/acs.accounts.9b00497,No,paper_results_microreactor_synthesis_organic_chemistry_20260325_144913.xlsx
Controlled multistep synthesis in a three-phase droplet reactor,10.1038/ncomms4777,Yes,paper_results_microreactor_synthesis_organic_chemistry_20260325_144913.xlsx
Suzuki–Miyaura cross-coupling optimization enabled by automated feedback,10.1039/c6re00153j,Yes,paper_results_microreactor_synthesis_organic_chemistry_20260325_144913.xlsx
Continuous Flow Enzyme-Catalyzed Polymerization in a Microreactor,10.1021/ja111346c,No,paper_results_microreactor_synthesis_organic_chemistry_20260325_144913.xlsx
Micro-chemical synthesis of molecular probes on an electronic microfluidic device,10.1073/pnas.1117566109,Yes,paper_results_microreactor_synthesis_organic_chemistry_20260325_144913.xlsx
Asymmetric reactions in continuous flow,10.3762/bjoc.5.19,Yes,paper_results_microreactor_synthesis_organic_chemistry_20260325_144913.xlsx
High-rate synthesis of Cu–BTC metal–organic frameworks,10.1039/c3cc46049e,No,paper_results_microreactor_synthesis_organic_chemistry_20260325_144913.xlsx
Microfluidic immobilized enzyme reactors for continuous biocatalysis,10.1039/c9re00217k,Yes,paper_results_microreactor_synthesis_organic_chemistry_20260325_144913.xlsx
Chemical Synthesis in Microreactors,10.2533/000942902777679984,Yes,paper_results_microreactor_synthesis_organic_chemistry_20260325_144913.xlsx
Flow Technology for the Genesis and Use of (Highly) Reactive Organometallic Reagents,10.1002/chem.201903353,No,paper_results_microreactor_synthesis_organic_chemistry_20260325_144913.xlsx
Reactions of Difunctional Electrophiles with Functionalized Aryllithium Compounds: Remarkable Chemoselectivity by Flash Chemistry,10.1002/anie.201410717,Yes,paper_results_microreactor_synthesis_organic_chemistry_20260325_144913.xlsx
Spurring Radical Reactions of Organic Halides with Tin Hydride and TTMSS Using Microreactors,10.1021/ol702718z,No,paper_results_microreactor_synthesis_organic_chemistry_20260325_144913.xlsx
Pd NP-Loaded and Covalently Cross-Linked COF Membrane Microreactor for Aqueous CBs Dechlorination at Room Temperature,10.1021/acsami.8b04022,No,paper_results_microreactor_synthesis_organic_chemistry_20260325_144913.xlsx
A three-tiered colloidosomal microreactor for continuous flow catalysis,10.1038/s41467-021-26381-x,Yes,paper_results_microreactor_synthesis_organic_chemistry_20260325_144913.xlsx
In Situ IR and X-ray High Spatial-Resolution Microspectroscopy Measurements of Multistep Organic Transformation in Flow Microreactor Catalyzed by Au Nanoclusters,10.1021/ja412740p,No,paper_results_microreactor_synthesis_organic_chemistry_20260325_144913.xlsx
Sol‐Gel and Porous Glass‐Based Silica Monoliths with Hierarchical Pore Structure for Solid‐Liquid Catalysis,10.1002/cite.201600049,Yes,paper_results_microreactor_synthesis_organic_chemistry_20260325_144913.xlsx
"A Continuous Process for Buchwald–Hartwig Amination at Micro-, Lab-, and Mesoscale Using a Novel Reactor Concept",10.1021/acs.oprd.5b00350,No,paper_results_microreactor_synthesis_organic_chemistry_20260325_144913.xlsx
"Efficient Synthesis of 1,3-Dialkylimidazolium-Based Ionic Liquids: The Modified Continuous Radziszewski Reaction in a Microreactor Setup",10.1021/op100055f,No,paper_results_microreactor_synthesis_organic_chemistry_20260325_144913.xlsx
A Novel Approach to Functionalization of Aryl Azides through the Generation and Reaction of Organolithium Species Bearing Masked Azides in Flow Microreactors,10.1002/anie.201912419,No,paper_results_microreactor_synthesis_organic_chemistry_20260325_144913.xlsx
Enantioselective Organocatalysis in Microreactors: Continuous Flow Synthesis of a (S)-Pregabalin Precursor and (S)-Warfarin,10.3390/sym7031395,Yes,paper_results_microreactor_synthesis_organic_chemistry_20260325_144913.xlsx
Design and development of TiO2 coated microflow reactor for photocatalytic partial oxidation of benzyl alcohol,10.1016/j.mcat.2020.110884,Yes,paper_results_microreactor_synthesis_organic_chemistry_20260325_144913.xlsx
Engineering Research Progress of Electrochemical Microreaction Technology—A Novel Method for Electrosynthesis of Organic Chemicals,10.1016/j.eng.2020.06.025,Yes,paper_results_microreactor_synthesis_organic_chemistry_20260325_144913.xlsx
Development of a ZnO Nanowire Continuous Flow Microreactor with β-Glucosidase Activity: Characterization and Application for the Glycosylation of Natural Products,10.1021/acssuschemeng.1c02557,No,paper_results_microreactor_synthesis_organic_chemistry_20260325_144913.xlsx
Synthesis of Organometallic Compounds in Flow,10.1002/hlca.201900172,Yes,paper_results_microreactor_synthesis_organic_chemistry_20260325_144913.xlsx
Ethyl diazoacetate synthesis in flow,10.3762/bjoc.9.211,Yes,paper_results_microreactor_synthesis_organic_chemistry_20260325_144913.xlsx
Electric field–assisted anion-π catalysis on carbon nanotubes in electrochemical microfluidic devices,10.1126/sciadv.adj5502,Yes,paper_results_microreactor_synthesis_organic_chemistry_20260325_144913.xlsx
A monolithic and flexible fluoropolymer film microreactor for organic synthesis applications,10.1039/c4lc00748d,Yes,paper_results_microreactor_synthesis_organic_chemistry_20260325_144913.xlsx
Organic Synthesis in Soft Wall-Free Microreactors: Real-Time Monitoring of Fluorogenic Reactions,10.1021/ac800855u,No,paper_results_microreactor_synthesis_organic_chemistry_20260325_144913.xlsx
On the performance of liquid-liquid Taylor flow electrochemistry in a microreactor – A CFD study,10.1016/j.cej.2021.131443,Yes,paper_results_microreactor_synthesis_organic_chemistry_20260325_144913.xlsx
Continuous flow microreactors for drug discovery.,,No,paper_results_microreactor_synthesis_organic_chemistry_20260325_144913.xlsx
Sustainable and Advanced LED-Implanted Microfluidic Photoreactor with Coupled Optical Fiber Enabling Efficient Photocatalytic Synthesis Beside Online Reaction Progress Monitoring,10.1021/acsomega.4c04836,Yes,paper_results_microreactor_synthesis_organic_chemistry_20260325_144913.xlsx
Fundamental and Development of Microreaction Technology for the Application of Fine Chemicals Synthesis,10.1080/00219592.2023.2197011,Yes,paper_results_microreactor_synthesis_organic_chemistry_20260325_144913.xlsx
Microreactors as Tools for Synthetic Chemists—The Chemists' Round‐Bottomed Flask of the 21st Century?,10.1002/chem.200600596,No,paper_results_microreactor_synthesis_organic_chemistry_20260325_144913.xlsx
Microfluidics in Inorganic Chemistry,10.1002/anie.200904285,Yes,paper_results_microreactor_synthesis_organic_chemistry_20260325_144913.xlsx
Tools for chemical synthesis in microsystems,10.1039/c4lc00330f,Yes,paper_results_microreactor_synthesis_organic_chemistry_20260325_144913.xlsx
"The rise of continuous flow biocatalysis – fundamentals, very recent developments and future perspectives",10.1039/d0re00335b,Yes,paper_results_microreactor_synthesis_organic_chemistry_20260325_144913.xlsx
Nanocrystal synthesis in microfluidic reactors: where next?,10.1039/c4lc00429a,Yes,paper_results_microreactor_synthesis_organic_chemistry_20260325_144913.xlsx
Glass microchip with three-dimensional microchannel network for 2 × 2 parallel synthesis,10.1039/b208382p,No,paper_results_microreactor_synthesis_organic_chemistry_20260325_144913.xlsx
The Application of Microreactors for Small Scale Organic Synthesis,10.1002/ceat.200407124,No,paper_results_microreactor_synthesis_organic_chemistry_20260325_144913.xlsx
Flow chemistry in the multi-step synthesis of natural products,10.1016/j.gresc.2022.07.007,Yes,paper_results_microreactor_synthesis_organic_chemistry_20260325_144913.xlsx
Design and Characterization of a Scaled-up Ultrasonic Flow Reactor,10.1021/acs.oprd.0c00148,Yes,paper_results_microreactor_synthesis_organic_chemistry_20260325_144913.xlsx
A flow reactor setup for photochemistry of biphasic gas/liquid reactions,10.3762/bjoc.12.170,Yes,paper_results_microreactor_synthesis_organic_chemistry_20260325_144913.xlsx
Chemical and Biochemical Reactors for Controlled Synthesis of Organic and Inorganic Compounds,10.1134/s1070427222110015,No,paper_results_microreactor_synthesis_organic_chemistry_20260325_144913.xlsx
Effect of stabilizer EDTA on the thermal hazard of green synthesis process of adipic acid and development of microchannel continuous flow process,10.48130/emst-2023-0022,Yes,paper_results_thermal_continuous_flow_synthesis_exothermic_20260325_145308.xlsx
"Continuous Processing to Control a Potentially Hazardous Process:  Conversion of Aryl 1,1-Dimethylpropargyl Ethers to 2,2-Dimethylchromenes (2,2-Dimethyl-2<i>H</i>-1-Benzopyrans)",10.1021/op0100504,No,paper_results_thermal_continuous_flow_synthesis_exothermic_20260325_145308.xlsx
The continuous flow synthesis of azos,10.1007/s41981-024-00307-2,Yes,paper_results_thermal_continuous_flow_synthesis_exothermic_20260325_145308.xlsx
The Chapman rearrangement in a continuous-flow microreactor,10.1039/c9ra01347d,Yes,paper_results_thermal_continuous_flow_synthesis_exothermic_20260325_145308.xlsx
Continuous Synthesis of an Intermediate of Quinolone Antibiotic Drug Using Static Mixers,10.1021/op025561k,No,paper_results_thermal_continuous_flow_synthesis_exothermic_20260325_145308.xlsx
"Safety Guided Process Development and Scale-Up of the Highly Energetic Compound 4-Methyl-1,2,5-oxadiazole-3-carboxylic Acid",10.1021/acs.oprd.4c00137,No,paper_results_thermal_continuous_flow_synthesis_exothermic_20260325_145308.xlsx
Multi-Step Microfluidic Polymerization Reactions Conducted in Droplets: The Internal Trigger Approach,10.1021/ja8029174,No,paper_results_thermal_continuous_flow_synthesis_exothermic_20260325_145308.xlsx
Modular Microreaction Systems for Homogeneously and Heterogeneously Catalyzed Chemical Synthesis,10.1002/hlca.200490304,No,paper_results_thermal_continuous_flow_synthesis_exothermic_20260325_145308.xlsx
Droplet synthesis of well-defined block copolymers using solvent-resistant microfluidic device,10.1039/c0lc00321b,Yes,paper_results_thermal_continuous_flow_synthesis_exothermic_20260325_145308.xlsx
Orifice microreactor for the production of an organic peroxide – non-reactive and reactive characterization,10.1039/c2gc35043b,No,paper_results_thermal_continuous_flow_synthesis_exothermic_20260325_145308.xlsx
